"Date","Price","Open","High","Low","Vol.","Change %"
"13-03-2026","2,114.80","2,184.00","2,185.20","2,100.00","322.97K","-3.22%"
"12-03-2026","2,185.20","2,179.00","2,213.00","2,157.00","423.51K","0.01%"
"11-03-2026","2,184.90","2,219.90","2,242.00","2,177.80","355.91K","-0.79%"
"10-03-2026","2,202.20","2,222.00","2,250.00","2,172.40","886.10K","0.66%"
"09-03-2026","2,187.70","2,162.80","2,214.90","2,134.30","353.95K","-1.22%"
"06-03-2026","2,214.80","2,230.00","2,286.90","2,210.00","287.59K","-0.75%"
"05-03-2026","2,231.60","2,297.40","2,299.00","2,199.90","684.79K","-1.57%"
"04-03-2026","2,267.20","2,202.90","2,292.90","2,202.80","674.63K","0.52%"
"02-03-2026","2,255.50","2,205.00","2,310.10","2,205.00","349.77K","-1.79%"
"27-02-2026","2,296.50","2,318.00","2,358.30","2,286.20","861.45K","1.55%"
"26-02-2026","2,261.50","2,274.70","2,304.70","2,251.10","442.82K","0.17%"
"25-02-2026","2,257.60","2,230.00","2,323.40","2,227.30","667.29K","1.56%"
"24-02-2026","2,223.00","2,230.00","2,277.80","2,210.70","1.35M","-3.76%"
"23-02-2026","2,309.80","2,350.60","2,360.50","2,293.90","812.36K","-2.70%"
"20-02-2026","2,373.80","2,360.20","2,402.00","2,321.20","686.22K","-0.12%"
"19-02-2026","2,376.70","2,450.90","2,467.50","2,362.00","483.84K","-2.43%"
"18-02-2026","2,435.80","2,479.60","2,479.60","2,402.20","403.02K","-1.19%"
"17-02-2026","2,465.20","2,458.00","2,520.00","2,442.00","602.31K","0.15%"
"16-02-2026","2,461.50","2,441.00","2,481.40","2,426.50","506.98K","0.13%"
"13-02-2026","2,458.40","2,387.60","2,501.20","2,355.20","1.73M","-0.23%"
"12-02-2026","2,464.00","2,549.90","2,549.90","2,457.80","1.14M","-4.80%"
"11-02-2026","2,588.20","2,617.90","2,632.70","2,546.00","516.06K","-0.99%"
"10-02-2026","2,614.10","2,633.50","2,657.00","2,600.70","442.63K","-0.04%"
"09-02-2026","2,615.10","2,640.90","2,642.80","2,605.60","389.91K","0.18%"
"06-02-2026","2,610.50","2,637.00","2,637.00","2,577.00","857.78K","-1.44%"
"05-02-2026","2,648.70","2,673.10","2,685.90","2,630.00","500.17K","-1.47%"
"04-02-2026","2,688.10","2,757.50","2,759.00","2,615.10","1.04M","-4.65%"
"03-02-2026","2,819.30","2,975.00","2,975.00","2,811.10","614.48K","2.10%"
"02-02-2026","2,761.40","2,770.00","2,798.00","2,718.00","265.95K","-0.31%"
"01-02-2026","2,769.90","2,764.50","2,840.00","2,694.30","161.33K","0.40%"
"30-01-2026","2,759.00","2,752.00","2,789.60","2,725.00","550.21K","-0.50%"
"29-01-2026","2,772.80","2,830.40","2,832.00","2,757.50","647.09K","-2.15%"
"28-01-2026","2,833.70","2,816.00","2,858.00","2,809.00","222.96K","0.98%"
"27-01-2026","2,806.10","2,765.80","2,825.00","2,752.80","508.94K","1.94%"
"23-01-2026","2,752.80","2,847.90","2,879.00","2,732.10","1.59M","-2.04%"
"22-01-2026","2,810.10","2,810.00","2,889.90","2,780.10","344.25K","0.40%"
"21-01-2026","2,798.90","2,806.00","2,832.40","2,721.10","1.45M","-0.60%"
"20-01-2026","2,815.70","2,876.10","2,881.10","2,802.50","335.78K","-2.56%"
"19-01-2026","2,889.80","2,875.00","2,908.00","2,830.50","273.55K","0.11%"
"16-01-2026","2,886.50","2,805.50","2,929.90","2,805.50","1.19M","3.50%"
"14-01-2026","2,788.80","2,876.10","2,882.90","2,773.70","363.31K","-2.95%"
"13-01-2026","2,873.70","2,832.00","2,878.50","2,805.00","314.10K","1.47%"
"12-01-2026","2,832.20","2,838.80","2,849.40","2,789.30","219.46K","-0.21%"
"09-01-2026","2,838.20","2,817.20","2,852.40","2,795.30","317.09K","0.75%"
"08-01-2026","2,817.20","2,881.70","2,891.00","2,801.40","404.36K","-2.00%"
"07-01-2026","2,874.80","2,819.90","2,881.00","2,806.20","376.88K","2.09%"
"06-01-2026","2,816.00","2,805.00","2,837.00","2,793.10","378.51K","0.50%"
"05-01-2026","2,801.90","2,802.00","2,817.30","2,761.60","166.87K","-0.19%"
"02-01-2026","2,807.20","2,842.00","2,844.30","2,800.20","124.90K","-0.76%"
"01-01-2026","2,828.60","2,788.90","2,840.90","2,788.90","96.47K","1.34%"
"31-12-2025","2,791.20","2,795.90","2,818.30","2,776.20","137.86K","-0.16%"
"30-12-2025","2,795.70","2,810.90","2,811.00","2,773.20","308.59K","-0.59%"
"29-12-2025","2,812.30","2,850.60","2,874.70","2,791.00","331.92K","-1.34%"
"26-12-2025","2,850.60","2,900.00","2,913.00","2,843.80","151.99K","-1.43%"
"24-12-2025","2,891.90","2,934.00","2,945.00","2,884.30","351.41K","-1.58%"
"23-12-2025","2,938.40","2,891.80","2,945.00","2,863.30","453.00K","1.78%"
"22-12-2025","2,887.00","2,902.90","2,905.00","2,817.00","923.95K","-0.11%"
"19-12-2025","2,890.20","2,913.70","2,913.70","2,870.00","410.47K","0.08%"
"18-12-2025","2,887.90","2,879.30","2,916.00","2,860.30","426.92K","0.79%"
"17-12-2025","2,865.30","2,863.00","2,896.60","2,856.70","247.80K","0.08%"
"16-12-2025","2,863.10","2,892.00","2,892.00","2,842.10","242.38K","-1.20%"
"15-12-2025","2,897.90","2,895.70","2,903.50","2,860.30","207.27K","-0.51%"
"12-12-2025","2,912.70","2,919.00","2,926.40","2,885.20","140.08K","0.61%"
"11-12-2025","2,894.90","2,857.50","2,916.30","2,848.00","267.73K","1.31%"
"10-12-2025","2,857.50","2,878.80","2,896.60","2,840.00","263.75K","-0.74%"
"09-12-2025","2,878.80","2,890.00","2,919.10","2,841.80","368.24K","-0.62%"
"08-12-2025","2,896.80","2,968.30","2,968.30","2,868.70","789.22K","-1.92%"
"05-12-2025","2,953.60","2,911.90","2,968.90","2,911.90","810.70K","1.55%"
"04-12-2025","2,908.40","2,865.00","2,933.10","2,865.00","866.48K","1.66%"
"03-12-2025","2,861.00","2,838.10","2,875.00","2,829.30","474.60K","0.81%"
"02-12-2025","2,838.10","2,820.10","2,849.00","2,810.00","309.49K","0.20%"
"01-12-2025","2,832.30","2,822.00","2,842.60","2,809.90","312.56K","0.74%"
"28-11-2025","2,811.40","2,805.10","2,819.50","2,787.30","295.51K","0.71%"
"27-11-2025","2,791.50","2,810.00","2,827.00","2,783.00","683.46K","-0.31%"
"26-11-2025","2,800.20","2,802.30","2,820.90","2,775.90","671.30K","0.11%"
"25-11-2025","2,797.20","2,782.90","2,809.00","2,760.00","599.77K","1.15%"
"24-11-2025","2,765.30","2,757.10","2,821.60","2,751.70","1.39M","0.66%"
"21-11-2025","2,747.10","2,734.90","2,777.20","2,713.50","2.12M","0.24%"
"20-11-2025","2,740.40","2,736.80","2,758.90","2,702.90","1.22M","0.98%"
"19-11-2025","2,713.70","2,674.50","2,725.90","2,665.40","814.21K","2.08%"
"18-11-2025","2,658.50","2,651.00","2,708.00","2,626.80","4.97M","-1.12%"
"17-11-2025","2,688.70","2,785.90","2,798.90","2,676.90","794.66K","-3.01%"
"14-11-2025","2,772.10","2,790.00","2,814.00","2,744.10","430.17K","-1.77%"
"13-11-2025","2,822.00","2,835.90","2,843.90","2,801.10","312.06K","-0.13%"
"12-11-2025","2,825.80","2,795.00","2,859.00","2,788.00","558.40K","1.74%"
"11-11-2025","2,777.50","2,785.00","2,798.90","2,758.50","590.88K","0.05%"
"10-11-2025","2,776.20","2,736.00","2,804.00","2,726.60","430.04K","1.47%"
"07-11-2025","2,736.00","2,761.00","2,764.80","2,705.30","268.77K","-1.37%"
"06-11-2025","2,773.90","2,763.90","2,786.00","2,743.60","354.40K","0.26%"
"04-11-2025","2,766.60","2,785.00","2,812.50","2,755.00","225.86K","-0.63%"
"03-11-2025","2,784.20","2,764.40","2,790.00","2,731.00","570.68K","0.72%"
"31-10-2025","2,764.40","2,950.00","2,961.20","2,752.00","1.35M","-4.47%"
"30-10-2025","2,893.70","2,883.00","2,907.00","2,854.00","325.33K","0.66%"
"29-10-2025","2,874.60","2,845.00","2,897.40","2,801.00","574.79K","1.54%"
"28-10-2025","2,830.90","2,925.00","2,927.50","2,820.00","235.23K","-2.00%"
"27-10-2025","2,888.70","2,843.20","2,897.00","2,835.00","377.69K","2.48%"
"24-10-2025","2,818.90","2,805.10","2,833.50","2,795.80","237.96K","0.70%"
"23-10-2025","2,799.20","2,775.00","2,824.00","2,769.50","420.17K","2.13%"
"21-10-2025","2,740.70","2,756.00","2,764.00","2,732.00","30.81K","-0.25%"
"20-10-2025","2,747.50","2,705.50","2,753.30","2,687.70","202.42K","2.00%"
"17-10-2025","2,693.70","2,775.00","2,775.00","2,689.10","465.23K","-3.23%"
"16-10-2025","2,783.60","2,795.90","2,797.40","2,748.60","191.04K","0.06%"
"15-10-2025","2,781.90","2,758.20","2,800.00","2,748.00","359.17K","1.33%"
"14-10-2025","2,745.30","2,775.00","2,791.30","2,732.60","145.32K","-0.18%"
"13-10-2025","2,750.20","2,770.00","2,775.00","2,733.00","290.34K","-1.19%"
"10-10-2025","2,783.20","2,828.00","2,828.00","2,756.10","299.39K","-0.85%"
"09-10-2025","2,807.20","2,800.00","2,829.00","2,790.70","472.35K","0.26%"
"08-10-2025","2,799.80","2,782.00","2,885.00","2,782.00","742.78K","-0.64%"
"07-10-2025","2,817.70","2,798.00","2,822.00","2,778.10","207.55K","0.91%"
"06-10-2025","2,792.30","2,736.90","2,796.80","2,720.00","276.65K","2.02%"
"03-10-2025","2,736.90","2,698.90","2,742.20","2,680.00","617.25K","1.71%"
"01-10-2025","2,691.00","2,655.00","2,698.00","2,630.00","161.66K","1.36%"
"30-09-2025","2,654.80","2,705.00","2,710.00","2,634.10","504.53K","-0.87%"
"29-09-2025","2,678.10","2,652.00","2,689.00","2,634.00","458.76K","1.35%"
"26-09-2025","2,642.40","2,717.00","2,717.40","2,631.00","405.14K","-2.76%"
"25-09-2025","2,717.40","2,742.50","2,758.40","2,684.50","353.35K","-0.86%"
"24-09-2025","2,740.90","2,750.00","2,751.80","2,704.30","518.37K","-0.93%"
"23-09-2025","2,766.60","2,840.00","2,840.00","2,753.40","845.28K","-3.01%"
"22-09-2025","2,852.40","2,919.10","2,924.90","2,817.00","778.25K","-4.72%"
"19-09-2025","2,993.80","3,002.20","3,012.80","2,971.00","229.07K","-0.23%"
"18-09-2025","3,000.60","2,995.90","3,037.20","2,973.20","451.52K","0.76%"
"17-09-2025","2,978.10","2,960.00","3,008.20","2,951.80","580.70K","0.93%"
"16-09-2025","2,950.70","2,939.80","2,960.00","2,930.10","274.02K","0.39%"
"15-09-2025","2,939.20","2,911.60","2,944.00","2,878.40","449.16K","1.21%"
"12-09-2025","2,904.20","2,947.00","2,949.50","2,895.40","270.91K","-0.73%"
"11-09-2025","2,925.50","2,980.20","2,982.70","2,895.80","355.52K","-1.45%"
"10-09-2025","2,968.40","2,869.00","2,988.40","2,867.30","1.09M","4.03%"
"09-09-2025","2,853.30","2,800.00","2,876.40","2,787.60","391.81K","2.38%"
"08-09-2025","2,787.10","2,819.90","2,849.90","2,760.60","338.47K","-0.37%"
"05-09-2025","2,797.40","2,861.20","2,874.60","2,760.80","614.25K","-2.23%"
"04-09-2025","2,861.20","2,892.90","2,915.00","2,850.40","261.26K","-1.10%"
"03-09-2025","2,892.90","2,902.60","2,919.00","2,842.70","373.22K","-0.33%"
"02-09-2025","2,902.60","2,910.00","2,947.50","2,886.90","309.53K","-0.65%"
"01-09-2025","2,921.50","2,808.00","2,932.80","2,808.00","682.68K","4.79%"
"29-08-2025","2,788.00","2,840.00","2,852.10","2,780.40","220.83K","-1.55%"
"28-08-2025","2,831.80","2,880.00","2,880.00","2,822.50","393.52K","-1.44%"
"26-08-2025","2,873.20","2,900.00","2,930.00","2,865.40","757.50K","-1.53%"
"25-08-2025","2,917.70","2,900.00","2,967.60","2,900.00","1.16M","2.43%"
"22-08-2025","2,848.60","2,850.00","2,878.00","2,824.00","283.75K","-0.20%"
"21-08-2025","2,854.40","2,845.00","2,887.50","2,815.10","456.24K","0.67%"
"20-08-2025","2,835.50","2,734.10","2,840.80","2,708.40","489.45K","3.39%"
"19-08-2025","2,742.60","2,701.00","2,750.00","2,673.60","176.94K","1.65%"
"18-08-2025","2,698.10","2,747.20","2,753.90","2,680.60","143.26K","-0.81%"
"14-08-2025","2,720.20","2,700.50","2,746.90","2,698.20","463.75K","0.93%"
"13-08-2025","2,695.20","2,731.50","2,741.40","2,691.60","257.07K","-0.83%"
"12-08-2025","2,717.80","2,674.90","2,732.80","2,674.90","438.68K","1.71%"
"11-08-2025","2,672.20","2,695.90","2,704.90","2,650.00","297.01K","-0.88%"
"08-08-2025","2,695.90","2,699.00","2,704.00","2,653.10","302.62K","-0.25%"
"07-08-2025","2,702.70","2,647.10","2,707.00","2,640.00","200.59K","1.83%"
"06-08-2025","2,654.10","2,709.00","2,716.50","2,646.10","168.22K","-1.89%"
"05-08-2025","2,705.20","2,746.90","2,746.90","2,694.00","228.41K","-1.53%"
"04-08-2025","2,747.30","2,674.70","2,775.00","2,642.70","506.32K","-0.37%"
"01-08-2025","2,757.40","2,790.90","2,799.90","2,735.70","604.08K","-1.18%"
"31-07-2025","2,790.20","2,791.40","2,818.40","2,747.40","537.40K","-0.58%"
"30-07-2025","2,806.60","2,782.00","2,857.00","2,772.00","867.99K","1.16%"
"29-07-2025","2,774.30","2,703.80","2,782.00","2,687.00","633.10K","2.61%"
"28-07-2025","2,703.80","2,690.00","2,750.30","2,661.50","1.51M","3.00%"
"25-07-2025","2,625.00","2,621.00","2,792.00","2,604.00","1.93M","-1.07%"
"24-07-2025","2,653.50","2,750.00","2,750.00","2,626.20","654.41K","-3.03%"
"23-07-2025","2,736.40","2,798.00","2,798.00","2,708.40","406.91K","-1.47%"
"22-07-2025","2,777.20","2,809.80","2,814.90","2,770.00","119.62K","-0.92%"
"21-07-2025","2,802.90","2,832.60","2,832.60","2,781.20","194.15K","-1.05%"
"18-07-2025","2,832.70","2,857.00","2,862.00","2,800.20","217.30K","-0.40%"
"17-07-2025","2,844.00","2,890.90","2,898.80","2,829.40","333.93K","-1.14%"
"16-07-2025","2,876.80","2,884.00","2,911.00","2,857.90","305.65K","-0.28%"
"15-07-2025","2,884.80","2,829.50","2,889.60","2,819.00","348.87K","1.95%"
"14-07-2025","2,829.50","2,828.00","2,846.90","2,784.50","371.22K","-0.33%"
"11-07-2025","2,838.80","2,834.00","2,882.90","2,816.00","509.65K","-0.78%"
"10-07-2025","2,861.10","2,840.00","2,871.10","2,814.00","406.58K","-0.10%"
"09-07-2025","2,863.90","2,858.00","2,875.00","2,830.80","444.79K","-1.57%"
"08-07-2025","2,909.60","2,879.90","2,937.00","2,863.20","450.52K","1.22%"
"07-07-2025","2,874.60","2,950.00","2,950.40","2,865.10","341.95K","-1.70%"
"04-07-2025","2,924.20","2,902.50","2,927.90","2,882.90","221.37K","1.44%"
"03-07-2025","2,882.80","2,899.90","2,912.90","2,880.00","196.54K","-0.20%"
"02-07-2025","2,888.50","2,885.00","2,932.00","2,875.00","741.11K","0.24%"
"01-07-2025","2,881.50","2,845.40","2,888.60","2,845.40","451.13K","1.27%"
"30-06-2025","2,845.40","2,813.90","2,871.00","2,802.50","412.32K","1.62%"
"27-06-2025","2,800.00","2,810.00","2,883.00","2,792.00","967.91K","-0.09%"
"26-06-2025","2,802.50","2,762.00","2,809.00","2,740.80","551.41K","1.81%"
"25-06-2025","2,752.60","2,700.00","2,763.30","2,688.10","509.01K","2.60%"
"24-06-2025","2,682.80","2,701.00","2,728.10","2,677.30","327.26K","0.36%"
"23-06-2025","2,673.20","2,690.40","2,697.70","2,650.00","303.38K","-0.85%"
"20-06-2025","2,696.10","2,651.20","2,705.90","2,647.20","418.90K","1.80%"
"19-06-2025","2,648.30","2,696.20","2,704.00","2,625.10","369.45K","-1.45%"
"18-06-2025","2,687.40","2,691.00","2,709.80","2,671.20","262.84K","-0.22%"
"17-06-2025","2,693.40","2,720.00","2,725.00","2,667.20","439.64K","-0.52%"
"16-06-2025","2,707.40","2,644.90","2,718.10","2,621.00","389.77K","2.39%"
"13-06-2025","2,644.20","2,635.00","2,684.60","2,592.10","267.65K","-0.75%"
"12-06-2025","2,664.30","2,679.90","2,701.00","2,646.00","804.37K","-0.58%"
"11-06-2025","2,679.90","2,675.00","2,703.20","2,655.00","844.64K","0.32%"
"10-06-2025","2,671.40","2,616.30","2,685.00","2,605.10","1.22M","2.63%"
"09-06-2025","2,603.00","2,560.10","2,632.30","2,553.60","691.28K","2.27%"
"06-06-2025","2,545.20","2,539.00","2,562.00","2,506.30","801.31K","0.61%"
"05-06-2025","2,529.80","2,510.00","2,542.50","2,467.10","362.69K","1.06%"
"04-06-2025","2,503.30","2,512.00","2,550.00","2,490.30","606.39K","0.08%"
"03-06-2025","2,501.40","2,520.00","2,533.70","2,480.70","470.92K","0.41%"
"02-06-2025","2,491.10","2,461.50","2,503.90","2,386.70","1.78M","-2.65%"
"30-05-2025","2,558.80","2,574.90","2,576.50","2,538.60","466.81K","-0.30%"
"29-05-2025","2,566.40","2,560.00","2,586.20","2,538.80","563.26K","1.38%"
"28-05-2025","2,531.50","2,549.80","2,563.00","2,522.10","358.98K","-0.25%"
"27-05-2025","2,537.80","2,546.10","2,553.70","2,514.20","396.75K","-0.32%"
"26-05-2025","2,546.00","2,554.00","2,556.20","2,524.80","293.83K","0.18%"
"23-05-2025","2,541.40","2,545.70","2,594.20","2,535.20","493.48K","-0.09%"
"22-05-2025","2,543.70","2,545.10","2,554.90","2,501.00","398.70K","-0.54%"
"21-05-2025","2,557.60","2,544.00","2,568.60","2,510.00","497.54K","1.00%"
"20-05-2025","2,532.40","2,552.00","2,594.40","2,524.20","562.62K","-0.08%"
"19-05-2025","2,534.50","2,600.00","2,600.00","2,531.00","377.53K","-2.53%"
"16-05-2025","2,600.40","2,630.00","2,643.10","2,580.00","412.95K","-0.91%"
"15-05-2025","2,624.30","2,580.00","2,630.00","2,556.70","642.88K","2.05%"
"14-05-2025","2,571.60","2,475.00","2,582.50","2,473.10","626.34K","3.25%"
"13-05-2025","2,490.60","2,532.10","2,532.10","2,484.00","284.56K","-1.65%"
"12-05-2025","2,532.40","2,440.00","2,550.00","2,415.00","691.72K","6.08%"
"09-05-2025","2,387.30","2,350.50","2,394.00","2,311.10","344.61K","0.52%"
"08-05-2025","2,374.90","2,407.00","2,427.90","2,362.60","430.11K","-1.14%"
"07-05-2025","2,402.20","2,340.00","2,407.50","2,330.10","435.58K","1.89%"
"06-05-2025","2,357.70","2,463.00","2,480.00","2,352.00","556.79K","-4.01%"
"05-05-2025","2,456.10","2,469.90","2,507.50","2,446.10","267.13K","-0.19%"
"02-05-2025","2,460.70","2,464.00","2,521.60","2,447.00","407.65K","-0.34%"
"30-04-2025","2,469.00","2,503.20","2,548.50","2,454.00","664.81K","-1.71%"
"29-04-2025","2,511.90","2,503.40","2,539.90","2,471.50","669.66K","0.34%"
"28-04-2025","2,503.40","2,532.00","2,532.40","2,424.00","1.01M","-1.39%"
"25-04-2025","2,538.60","2,502.00","2,571.60","2,440.00","3.21M","2.86%"
"24-04-2025","2,468.10","2,529.80","2,539.00","2,447.10","823.66K","-1.56%"
"23-04-2025","2,507.30","2,459.00","2,523.90","2,435.40","1.45M","4.39%"
"22-04-2025","2,401.80","2,381.70","2,428.60","2,352.00","610.52K","0.89%"
"21-04-2025","2,380.70","2,273.70","2,418.50","2,260.20","1.06M","4.71%"
"17-04-2025","2,273.70","2,253.00","2,284.50","2,191.10","868.63K","0.29%"
"16-04-2025","2,267.10","2,270.10","2,283.50","2,235.00","368.95K","-0.11%"
"15-04-2025","2,269.70","2,202.90","2,278.00","2,185.00","747.48K","5.05%"
"11-04-2025","2,160.55","2,220.00","2,220.00","2,145.05","480.77K","2.03%"
"09-04-2025","2,117.60","2,110.00","2,150.85","2,051.00","1.25M","-2.37%"
"08-04-2025","2,168.90","2,155.50","2,215.65","2,128.75","645.23K","3.17%"
"07-04-2025","2,102.20","2,063.50","2,120.95","2,044.55","573.92K","-5.70%"
"04-04-2025","2,229.20","2,360.00","2,369.95","2,220.00","705.01K","-6.10%"
"03-04-2025","2,374.05","2,390.05","2,418.45","2,354.00","556.47K","-4.06%"
"02-04-2025","2,474.40","2,461.00","2,502.95","2,437.35","294.99K","1.13%"
"01-04-2025","2,446.75","2,402.00","2,497.15","2,402.00","379.49K","-2.14%"
"28-03-2025","2,500.20","2,518.00","2,559.00","2,477.10","390.22K","-1.11%"
"27-03-2025","2,528.20","2,497.00","2,539.50","2,488.00","458.24K","0.52%"
"26-03-2025","2,515.15","2,530.00","2,572.30","2,505.10","781.65K","-0.76%"
"25-03-2025","2,534.40","2,513.30","2,559.80","2,475.05","966.86K","2.07%"
"24-03-2025","2,482.95","2,436.25","2,508.00","2,405.40","433.34K","2.18%"
"21-03-2025","2,429.95","2,280.00","2,438.00","2,240.40","1.23M","5.38%"
"20-03-2025","2,305.85","2,300.25","2,369.60","2,294.50","637.19K","0.87%"
"19-03-2025","2,285.85","2,300.00","2,305.00","2,236.50","550.65K","-0.33%"
"18-03-2025","2,293.40","2,201.10","2,311.80","2,201.10","1.06M","4.24%"
"17-03-2025","2,200.20","2,207.10","2,236.20","2,181.55","449.85K","-0.22%"
"13-03-2025","2,205.15","2,226.00","2,292.45","2,199.85","869.50K","-0.89%"
"12-03-2025","2,225.05","2,261.00","2,279.40","2,170.25","436.69K","-2.32%"
"11-03-2025","2,277.85","2,232.30","2,284.15","2,200.00","281.71K","0.57%"
"10-03-2025","2,265.00","2,276.15","2,317.50","2,248.50","352.04K","-1.62%"
"07-03-2025","2,302.25","2,320.10","2,329.95","2,275.00","314.70K","-1.74%"
"06-03-2025","2,343.00","2,315.80","2,369.90","2,315.80","560.58K","1.52%"
"05-03-2025","2,307.85","2,173.00","2,336.00","2,173.00","582.52K","2.73%"
"04-03-2025","2,246.60","2,240.00","2,269.90","2,183.05","541.82K","-0.83%"
"03-03-2025","2,265.40","2,260.00","2,285.25","2,238.30","442.64K","0.81%"
"28-02-2025","2,247.25","2,340.00","2,364.55","2,227.05","1.10M","-5.43%"
"27-02-2025","2,376.40","2,445.00","2,449.00","2,360.00","775.51K","-3.12%"
"25-02-2025","2,452.90","2,470.50","2,495.25","2,440.00","268.31K","-1.41%"
"24-02-2025","2,487.90","2,536.55","2,539.00","2,463.05","430.98K","-3.10%"
"21-02-2025","2,567.55","2,640.00","2,650.95","2,555.50","248.77K","-2.64%"
"20-02-2025","2,637.25","2,601.35","2,642.10","2,589.50","279.33K","1.00%"
"19-02-2025","2,611.25","2,572.40","2,630.00","2,552.30","251.08K","1.25%"
"18-02-2025","2,578.95","2,591.00","2,615.35","2,530.00","276.63K","-0.48%"
"17-02-2025","2,591.35","2,544.00","2,594.90","2,507.00","227.88K","1.45%"
"14-02-2025","2,554.25","2,630.05","2,630.05","2,530.85","469.02K","-1.83%"
"13-02-2025","2,601.95","2,675.00","2,698.35","2,594.50","559.37K","-2.42%"
"12-02-2025","2,666.60","2,729.00","2,744.45","2,657.60","732.01K","-1.73%"
"11-02-2025","2,713.60","2,789.00","2,794.00","2,688.90","249.49K","-2.63%"
"10-02-2025","2,786.95","2,870.00","2,888.50","2,769.95","359.77K","-2.84%"
"07-02-2025","2,868.50","2,834.00","2,889.35","2,817.80","211.88K","1.52%"
"06-02-2025","2,825.65","2,859.50","2,896.70","2,817.85","389.62K","-0.57%"
"05-02-2025","2,841.90","2,824.00","2,862.80","2,805.80","327.63K","1.30%"
"04-02-2025","2,805.45","2,840.00","2,874.95","2,763.20","550.65K","-0.44%"
"03-02-2025","2,817.75","2,790.00","2,838.55","2,728.10","606.66K","0.69%"
"01-02-2025","2,798.50","2,850.00","2,869.00","2,776.25","301.34K","-2.42%"
"31-01-2025","2,867.95","2,900.00","2,901.40","2,853.35","434.23K","0.01%"
"30-01-2025","2,867.60","2,998.75","3,011.20","2,837.50","1.25M","-4.71%"
"29-01-2025","3,009.25","2,900.10","3,018.45","2,900.10","636.18K","4.35%"
"28-01-2025","2,883.75","2,924.70","3,002.85","2,867.05","843.01K","-1.82%"
"27-01-2025","2,937.10","2,963.35","3,043.95","2,928.05","1.05M","-2.40%"
"24-01-2025","3,009.30","2,861.00","3,078.40","2,754.55","4.73M","3.10%"
"23-01-2025","2,918.95","2,808.95","2,948.00","2,803.60","830.57K","3.92%"
"22-01-2025","2,808.95","2,773.85","2,813.95","2,753.90","421.29K","1.28%"
"21-01-2025","2,773.55","2,805.25","2,854.20","2,769.35","322.11K","-1.13%"
"20-01-2025","2,805.25","2,820.00","2,833.00","2,751.60","276.67K","-0.42%"
"17-01-2025","2,817.20","2,819.05","2,833.85","2,785.25","294.22K","-0.15%"
"16-01-2025","2,821.40","2,798.00","2,872.30","2,793.05","468.03K","1.50%"
"15-01-2025","2,779.75","2,798.00","2,816.60","2,768.10","346.01K","-0.02%"
"14-01-2025","2,780.25","2,791.40","2,801.40","2,736.50","736.10K","0.10%"
"13-01-2025","2,777.50","2,885.00","2,897.90","2,768.05","327.55K","-4.72%"
"10-01-2025","2,915.00","2,885.00","2,956.45","2,885.00","1.30M","1.50%"
"09-01-2025","2,871.95","2,924.10","2,942.95","2,869.30","202.66K","-1.81%"
"08-01-2025","2,924.85","2,919.00","2,932.00","2,868.05","384.58K","-0.05%"
"07-01-2025","2,926.20","2,914.50","2,937.95","2,892.75","555.63K","0.99%"
"06-01-2025","2,897.65","2,960.20","2,960.20","2,875.00","421.83K","0.99%"
"03-01-2025","2,869.25","2,899.00","2,909.00","2,832.00","517.78K","-1.02%"
"02-01-2025","2,898.70","2,860.10","2,908.10","2,847.30","250.31K","1.53%"
"01-01-2025","2,854.90","2,859.45","2,863.95","2,816.90","198.48K","0.27%"
"31-12-2024","2,847.20","2,915.10","2,915.10","2,812.50","514.32K","-3.00%"
"30-12-2024","2,935.25","2,885.05","2,949.65","2,853.00","835.23K","1.78%"
"27-12-2024","2,883.95","2,928.90","2,945.00","2,880.20","88.41K","-0.84%"
"26-12-2024","2,908.45","2,931.05","2,951.40","2,875.35","284.06K","-0.76%"
"24-12-2024","2,930.65","2,977.65","3,010.00","2,910.00","376.81K","-1.58%"
"23-12-2024","2,977.65","2,976.95","3,010.00","2,940.50","345.08K","0.92%"
"20-12-2024","2,950.60","3,190.00","3,197.00","2,935.30","835.98K","-5.34%"
"19-12-2024","3,117.10","3,081.25","3,147.95","3,035.50","485.38K","-1.87%"
"18-12-2024","3,176.55","3,192.00","3,212.85","3,152.00","339.58K","-0.15%"
"17-12-2024","3,181.20","3,197.25","3,228.45","3,154.60","405.56K","-0.50%"
"16-12-2024","3,197.30","3,207.45","3,227.45","3,176.90","394.38K","0.06%"
"13-12-2024","3,195.40","3,161.00","3,210.95","3,137.05","621.35K","0.16%"
"12-12-2024","3,190.35","3,208.65","3,237.95","3,174.65","695.23K","0.18%"
"11-12-2024","3,184.55","3,173.60","3,192.00","3,130.85","517.73K","0.09%"
"10-12-2024","3,181.80","3,105.00","3,201.90","3,105.00","820.08K","2.49%"
"09-12-2024","3,104.60","3,054.00","3,124.95","3,051.55","346.94K","1.66%"
"06-12-2024","3,053.95","3,051.30","3,097.00","3,048.45","303.23K","0.09%"
"05-12-2024","3,051.30","3,019.65","3,072.70","3,019.65","525.39K","1.11%"
"04-12-2024","3,017.70","3,024.95","3,059.00","3,006.00","446.70K","-0.04%"
"03-12-2024","3,018.95","3,066.10","3,066.10","2,997.80","279.24K","-1.02%"
"02-12-2024","3,050.00","2,974.95","3,056.85","2,953.55","296.06K","2.54%"
"29-11-2024","2,974.55","2,960.00","2,992.20","2,938.00","408.27K","0.57%"
"28-11-2024","2,957.60","3,024.00","3,026.85","2,938.65","569.71K","-1.97%"
"27-11-2024","3,017.00","3,005.10","3,047.85","2,996.00","641.48K","0.60%"
"26-11-2024","2,999.10","2,990.15","3,021.10","2,931.05","531.80K","0.56%"
"25-11-2024","2,982.40","2,948.90","3,016.25","2,898.00","920.41K","3.43%"
"22-11-2024","2,883.55","2,830.00","2,894.50","2,822.05","1.22M","3.49%"
"21-11-2024","2,786.20","2,797.70","2,807.40","2,758.05","468.79K","-0.11%"
"19-11-2024","2,789.25","2,760.45","2,848.75","2,751.05","514.64K","1.13%"
"18-11-2024","2,758.15","2,840.00","2,849.00","2,752.00","790.76K","-2.86%"
"14-11-2024","2,839.30","2,855.00","2,887.55","2,828.95","330.71K","-0.21%"
"13-11-2024","2,845.35","2,854.00","2,882.10","2,823.15","530.90K","-0.28%"
"12-11-2024","2,853.45","2,889.00","2,903.75","2,844.90","612.30K","-0.28%"
"11-11-2024","2,861.50","2,854.50","2,888.00","2,819.60","630.60K","0.11%"
"08-11-2024","2,858.35","2,862.60","2,883.95","2,839.15","815.47K","0.68%"
"07-11-2024","2,839.15","2,914.00","2,914.00","2,796.50","451.98K","-1.98%"
"06-11-2024","2,896.40","2,900.00","2,939.60","2,877.00","1.69M","1.35%"
"05-11-2024","2,857.70","2,874.95","2,884.75","2,825.00","439.03K","-0.43%"
"04-11-2024","2,870.15","2,899.95","2,899.95","2,858.05","400.46K","-0.83%"
"01-11-2024","2,894.15","2,885.00","2,919.00","2,871.90","54.17K","0.51%"
"31-10-2024","2,879.55","3,004.05","3,004.05","2,852.30","913.64K","-4.24%"
"30-10-2024","3,007.00","3,027.00","3,059.60","3,000.00","443.71K","-0.51%"
"29-10-2024","3,022.50","3,025.00","3,040.95","2,970.00","244.25K","0.32%"
"28-10-2024","3,012.85","3,057.10","3,084.85","2,988.90","423.58K","-0.93%"
"25-10-2024","3,041.05","3,100.95","3,119.55","3,010.00","371.51K","-1.86%"
"24-10-2024","3,098.75","3,003.00","3,132.35","3,003.00","384.86K","-0.68%"
"23-10-2024","3,119.85","2,986.00","3,144.75","2,977.70","1.18M","4.78%"
"22-10-2024","2,977.65","2,985.15","3,040.00","2,965.50","659.44K","-0.26%"
"21-10-2024","2,985.50","3,100.00","3,136.75","2,977.70","710.84K","-3.56%"
"18-10-2024","3,095.75","3,070.00","3,108.90","3,002.40","965.12K","0.50%"
"17-10-2024","3,080.20","3,006.30","3,109.00","2,947.00","5.36M","5.80%"
"16-10-2024","2,911.35","2,929.00","2,952.05","2,878.35","764.38K","-0.63%"
"15-10-2024","2,929.80","2,977.40","3,012.90","2,890.00","923.50K","-1.11%"
"14-10-2024","2,962.60","2,890.20","2,973.90","2,890.20","992.49K","3.00%"
"11-10-2024","2,876.35","2,859.00","2,913.55","2,855.80","532.44K","0.78%"
"10-10-2024","2,854.05","2,921.00","2,932.95","2,841.80","311.24K","-1.56%"
"09-10-2024","2,899.15","2,924.00","2,957.00","2,886.00","509.43K","-0.07%"
"08-10-2024","2,901.10","2,888.00","2,912.90","2,841.15","628.53K","0.93%"
"07-10-2024","2,874.45","2,899.00","2,979.00","2,848.15","2.25M","0.98%"
"04-10-2024","2,846.60","2,925.00","2,959.95","2,836.60","964.39K","-2.55%"
"03-10-2024","2,921.00","2,959.10","3,015.60","2,905.60","809.63K","-3.14%"
"01-10-2024","3,015.60","3,034.80","3,051.80","3,004.05","899.96K","0.17%"
"30-09-2024","3,010.40","3,081.80","3,081.80","3,002.05","283.00K","-2.34%"
"27-09-2024","3,082.60","3,100.00","3,159.00","3,051.15","903.99K","0.95%"
"26-09-2024","3,053.70","3,039.90","3,060.05","3,020.10","274.46K","1.17%"
"25-09-2024","3,018.50","3,070.40","3,087.80","2,993.45","387.86K","-1.75%"
"24-09-2024","3,072.15","3,056.40","3,095.00","3,030.05","251.10K","0.98%"
"23-09-2024","3,042.40","3,050.00","3,072.00","3,013.45","355.46K","0.46%"
"20-09-2024","3,028.35","3,019.90","3,046.00","2,972.45","662.11K","1.68%"
"19-09-2024","2,978.25","3,035.00","3,092.00","2,918.55","1.63M","-0.87%"
"18-09-2024","3,004.40","3,156.35","3,167.65","2,975.00","2.08M","-5.46%"
"17-09-2024","3,177.80","3,125.05","3,187.80","3,113.35","331.39K","1.67%"
"16-09-2024","3,125.75","3,160.00","3,176.75","3,116.20","350.12K","-0.65%"
"13-09-2024","3,146.15","3,117.00","3,179.00","3,103.85","391.32K","1.55%"
"12-09-2024","3,098.05","3,108.00","3,124.90","3,074.45","440.18K","1.03%"
"11-09-2024","3,066.60","3,086.00","3,117.35","3,050.00","249.40K","-0.45%"
"10-09-2024","3,080.40","3,030.00","3,114.15","3,009.30","713.02K","2.90%"
"09-09-2024","2,993.70","3,051.50","3,052.00","2,974.00","906.15K","-1.89%"
"06-09-2024","3,051.50","3,097.80","3,141.95","3,035.00","470.73K","-1.17%"
"05-09-2024","3,087.70","3,109.90","3,117.00","3,073.30","194.75K","-0.03%"
"04-09-2024","3,088.70","3,063.05","3,092.85","3,011.25","1.01M","-1.17%"
"03-09-2024","3,125.35","3,102.00","3,165.00","3,082.25","693.09K","0.74%"
"02-09-2024","3,102.50","3,104.95","3,145.00","3,091.50","478.37K","-0.08%"
"30-08-2024","3,104.95","3,130.00","3,130.00","3,085.00","791.45K","0.05%"
"29-08-2024","3,103.45","3,055.55","3,118.95","3,052.00","308.41K","0.45%"
"28-08-2024","3,089.45","3,037.50","3,131.95","3,007.00","1.19M","1.83%"
"27-08-2024","3,034.00","3,024.05","3,063.00","2,990.35","411.82K","0.47%"
"26-08-2024","3,019.75","3,034.95","3,122.00","3,003.25","1.00M","0.74%"
"23-08-2024","2,997.65","3,065.00","3,065.00","2,981.00","463.49K","-2.22%"
"22-08-2024","3,065.65","3,048.05","3,153.00","3,048.05","979.10K","0.95%"
"21-08-2024","3,036.95","3,000.05","3,043.20","2,981.05","304.88K","0.93%"
"20-08-2024","3,008.95","2,986.45","3,036.95","2,985.00","619.73K","1.05%"
"19-08-2024","2,977.70","2,933.00","2,992.95","2,922.30","1.27M","2.29%"
"16-08-2024","2,910.95","2,726.05","2,918.50","2,726.05","1.79M","7.07%"
"14-08-2024","2,718.85","2,709.00","2,737.90","2,690.80","258.07K","0.83%"
"13-08-2024","2,696.55","2,727.60","2,727.60","2,679.30","272.18K","-0.23%"
"12-08-2024","2,702.90","2,700.00","2,718.95","2,663.00","431.06K","-0.65%"
"09-08-2024","2,720.50","2,705.00","2,765.55","2,692.85","761.36K","2.84%"
"08-08-2024","2,645.50","2,724.00","2,724.00","2,637.15","437.05K","-2.95%"
"07-08-2024","2,726.00","2,680.00","2,732.65","2,680.00","351.45K","3.29%"
"06-08-2024","2,639.05","2,650.00","2,721.95","2,632.05","937.50K","-0.50%"
"05-08-2024","2,652.25","2,675.00","2,709.55","2,589.35","966.80K","-4.43%"
"02-08-2024","2,775.30","2,855.00","2,855.00","2,769.00","457.61K","-2.79%"
"01-08-2024","2,855.00","2,904.60","2,949.95","2,840.15","945.39K","-1.30%"
"31-07-2024","2,892.50","2,902.00","2,949.90","2,876.25","658.30K","-0.77%"
"30-07-2024","2,915.05","2,929.90","2,929.90","2,900.45","368.11K","-0.56%"
"29-07-2024","2,931.60","3,040.00","3,043.00","2,895.00","1.24M","-3.24%"
"26-07-2024","3,029.80","2,800.00","3,080.95","2,800.00","3.92M","6.51%"
"25-07-2024","2,844.60","2,830.05","2,861.40","2,790.15","673.58K","-0.88%"
"24-07-2024","2,869.85","2,943.80","2,949.70","2,833.75","850.35K","-2.29%"
"23-07-2024","2,937.15","2,925.75","2,966.80","2,842.75","619.28K","0.39%"
"22-07-2024","2,925.75","2,868.00","2,935.75","2,803.30","1.08M","1.82%"
"19-07-2024","2,873.55","2,890.00","2,915.00","2,827.75","4.51M","1.42%"
"18-07-2024","2,833.25","2,810.00","2,860.00","2,772.50","880.87K","1.21%"
"16-07-2024","2,799.45","2,711.00","2,806.95","2,704.05","777.92K","2.29%"
"15-07-2024","2,736.85","2,714.95","2,769.00","2,696.80","1.28M","1.72%"
"12-07-2024","2,690.70","2,614.20","2,745.00","2,609.65","2.72M","5.09%"
"11-07-2024","2,560.30","2,550.00","2,571.35","2,538.60","371.43K","0.40%"
"10-07-2024","2,550.00","2,554.00","2,560.75","2,510.50","924.47K","-1.94%"
"09-07-2024","2,600.50","2,610.00","2,627.20","2,587.00","449.07K","-0.35%"
"08-07-2024","2,609.55","2,635.00","2,652.00","2,589.85","1.08M","-0.74%"
"05-07-2024","2,628.90","2,596.95","2,635.90","2,584.10","958.51K","1.77%"
"04-07-2024","2,583.20","2,569.45","2,619.00","2,564.00","1.20M","0.54%"
"03-07-2024","2,569.45","2,527.00","2,572.85","2,503.50","930.89K","2.53%"
"02-07-2024","2,506.15","2,511.00","2,574.00","2,497.05","1.31M","0.45%"
"01-07-2024","2,494.90","2,481.00","2,543.80","2,457.80","1.29M","1.56%"
"28-06-2024","2,456.55","2,475.00","2,477.00","2,433.00","494.14K","0.59%"
"27-06-2024","2,442.10","2,415.20","2,451.75","2,404.10","746.59K","0.94%"
"26-06-2024","2,419.45","2,418.00","2,439.25","2,411.20","607.69K","0.46%"
"25-06-2024","2,408.30","2,395.05","2,414.95","2,379.50","604.52K","0.59%"
"24-06-2024","2,394.20","2,402.10","2,424.00","2,380.10","1.36M","-1.46%"
"21-06-2024","2,429.75","2,463.50","2,489.00","2,420.10","1.73M","0.36%"
"20-06-2024","2,420.95","2,433.00","2,435.00","2,397.05","695.95K","0.40%"
"19-06-2024","2,411.40","2,412.05","2,433.00","2,389.20","464.72K","-0.25%"
"18-06-2024","2,417.35","2,413.00","2,434.90","2,405.00","578.48K","0.35%"
"14-06-2024","2,408.85","2,468.00","2,468.00","2,395.55","1.25M","-1.94%"
"13-06-2024","2,456.50","2,419.95","2,465.00","2,409.05","3.11M","2.44%"
"12-06-2024","2,397.95","2,404.50","2,426.00","2,390.00","1.11M","0.25%"
"11-06-2024","2,391.90","2,400.00","2,414.80","2,383.50","783.82K","-0.11%"
"10-06-2024","2,394.60","2,388.00","2,447.00","2,352.60","33.95M","-3.13%"
"07-06-2024","2,471.95","2,440.00","2,557.50","2,440.00","1.33M","1.46%"
"06-06-2024","2,436.30","2,409.75","2,474.45","2,399.80","650.88K","3.14%"
"05-06-2024","2,362.10","2,270.05","2,424.95","2,270.05","962.82K","3.81%"
"04-06-2024","2,275.50","2,280.00","2,304.85","2,187.00","514.59K","-0.63%"
"03-06-2024","2,289.95","2,368.00","2,370.00","2,269.45","461.55K","0.26%"
"31-05-2024","2,284.10","2,324.00","2,335.00","2,275.70","377.96K","-1.24%"
"30-05-2024","2,312.80","2,362.90","2,362.90","2,303.05","244.44K","-2.18%"
"29-05-2024","2,364.25","2,400.00","2,419.00","2,358.05","217.44K","-1.51%"
"28-05-2024","2,400.40","2,452.00","2,461.10","2,393.90","283.24K","-1.67%"
"27-05-2024","2,441.15","2,391.50","2,481.35","2,383.40","931.30K","2.10%"
"24-05-2024","2,390.95","2,397.00","2,415.00","2,381.15","296.47K","-0.25%"
"23-05-2024","2,397.05","2,372.00","2,419.80","2,364.05","360.71K","1.25%"
"22-05-2024","2,367.55","2,375.00","2,411.35","2,362.85","511.69K","-0.21%"
"21-05-2024","2,372.55","2,312.30","2,375.00","2,312.30","479.41K","2.16%"
"18-05-2024","2,322.30","2,326.00","2,329.90","2,315.00","30.63K","0.46%"
"17-05-2024","2,311.60","2,389.30","2,389.30","2,305.50","472.82K","-2.50%"
"16-05-2024","2,370.95","2,295.00","2,375.50","2,294.35","1.07M","4.25%"
"15-05-2024","2,274.35","2,320.00","2,323.00","2,270.05","299.05K","-1.20%"
"14-05-2024","2,302.05","2,254.65","2,317.00","2,241.15","293.56K","2.10%"
"13-05-2024","2,254.65","2,231.20","2,269.00","2,195.00","334.98K","1.05%"
"10-05-2024","2,231.20","2,249.75","2,249.75","2,211.75","168.82K","-0.81%"
"09-05-2024","2,249.35","2,281.00","2,296.90","2,236.20","150.26K","-1.33%"
"08-05-2024","2,279.70","2,280.00","2,304.70","2,257.55","317.41K","-0.31%"
"07-05-2024","2,286.80","2,300.00","2,309.80","2,255.00","407.56K","-0.54%"
"06-05-2024","2,299.15","2,306.00","2,348.25","2,280.00","319.57K","0.32%"
"03-05-2024","2,291.90","2,334.75","2,349.90","2,286.00","270.31K","-1.19%"
"02-05-2024","2,319.40","2,310.15","2,335.20","2,302.00","213.30K","0.20%"
"30-04-2024","2,314.85","2,340.95","2,371.50","2,308.05","383.39K","-1.11%"
"29-04-2024","2,340.85","2,306.30","2,387.20","2,305.05","726.58K","1.86%"
"26-04-2024","2,298.10","2,240.00","2,372.40","2,240.00","1.91M","3.09%"
"25-04-2024","2,229.30","2,243.50","2,255.00","2,208.45","607.13K","-0.63%"
"24-04-2024","2,243.50","2,255.00","2,264.20","2,240.05","186.52K","0.00%"
"23-04-2024","2,243.55","2,249.05","2,261.85","2,236.00","475.02K","0.28%"
"22-04-2024","2,237.30","2,296.95","2,298.95","2,228.45","604.35K","-1.89%"
"19-04-2024","2,280.30","2,300.00","2,325.05","2,274.00","504.29K","-2.40%"
"18-04-2024","2,336.45","2,365.35","2,391.45","2,317.70","520.01K","1.23%"
"16-04-2024","2,308.00","2,379.95","2,390.45","2,302.00","671.18K","-3.60%"
"15-04-2024","2,394.30","2,430.00","2,457.10","2,386.55","540.34K","-2.12%"
"12-04-2024","2,446.15","2,451.50","2,476.05","2,438.55","482.56K","0.04%"
"10-04-2024","2,445.20","2,465.00","2,478.25","2,439.05","477.72K","-0.49%"
"09-04-2024","2,457.30","2,464.00","2,529.00","2,440.00","318.20K","0.13%"
"08-04-2024","2,454.20","2,519.80","2,533.95","2,408.50","830.25K","-2.25%"
"05-04-2024","2,510.60","2,510.00","2,523.70","2,489.50","137.97K","-0.15%"
"04-04-2024","2,514.40","2,500.00","2,528.95","2,476.50","181.47K","1.22%"
"03-04-2024","2,484.20","2,455.10","2,517.00","2,441.70","283.69K","0.64%"
"02-04-2024","2,468.45","2,460.00","2,472.50","2,448.00","158.32K","0.27%"
"01-04-2024","2,461.75","2,401.00","2,468.35","2,388.80","542.19K","3.09%"
"28-03-2024","2,388.05","2,421.00","2,421.00","2,376.95","380.52K","-0.79%"
"27-03-2024","2,407.00","2,392.95","2,448.00","2,382.00","526.03K","1.25%"
"26-03-2024","2,377.40","2,377.80","2,405.75","2,364.00","548.70K","-0.50%"
"22-03-2024","2,389.40","2,367.00","2,408.00","2,306.00","885.28K","-1.95%"
"21-03-2024","2,436.85","2,424.00","2,454.35","2,400.25","332.10K","2.19%"
"20-03-2024","2,384.65","2,380.50","2,425.00","2,366.55","444.93K","-0.13%"
"19-03-2024","2,387.80","2,460.00","2,469.60","2,371.00","320.14K","-3.01%"
"18-03-2024","2,461.85","2,490.00","2,518.00","2,449.00","550.69K","-1.05%"
"15-03-2024","2,487.85","2,469.05","2,502.00","2,455.85","404.95K","0.21%"
"14-03-2024","2,482.55","2,365.00","2,498.90","2,335.05","961.39K","4.52%"
"13-03-2024","2,375.30","2,439.05","2,460.80","2,348.05","531.76K","-2.10%"
"12-03-2024","2,426.35","2,461.00","2,503.50","2,419.55","524.54K","-1.76%"
"11-03-2024","2,469.70","2,519.00","2,519.00","2,442.05","552.20K","-0.93%"
"07-03-2024","2,492.85","2,555.00","2,556.60","2,485.90","283.80K","-1.20%"
"06-03-2024","2,523.20","2,534.70","2,534.70","2,461.00","447.97K","-0.83%"
"05-03-2024","2,544.20","2,602.50","2,608.65","2,530.00","285.58K","-2.17%"
"04-03-2024","2,600.60","2,657.00","2,657.00","2,590.90","501.24K","-1.68%"
"02-03-2024","2,645.00","2,644.00","2,670.00","2,612.95","44.89K","1.06%"
"01-03-2024","2,617.25","2,621.00","2,660.75","2,600.00","316.49K","0.00%"
"29-02-2024","2,617.35","2,653.90","2,654.90","2,581.40","603.67K","-1.38%"
"28-02-2024","2,653.90","2,705.00","2,736.50","2,622.00","371.61K","-1.30%"
"27-02-2024","2,688.90","2,676.95","2,699.90","2,647.80","373.64K","0.45%"
"26-02-2024","2,676.95","2,725.00","2,725.00","2,628.00","1.08M","-1.86%"
"23-02-2024","2,727.60","2,739.00","2,785.00","2,720.00","373.87K","1.08%"
"22-02-2024","2,698.45","2,680.90","2,723.95","2,655.35","765.17K","1.66%"
"21-02-2024","2,654.35","2,766.95","2,782.15","2,640.00","401.00K","-4.00%"
"20-02-2024","2,764.85","2,779.35","2,822.00","2,729.70","332.33K","-0.52%"
"19-02-2024","2,779.35","2,820.00","2,837.60","2,752.00","743.01K","-0.81%"
"16-02-2024","2,801.95","2,708.60","2,818.70","2,696.10","1.10M","3.45%"
"15-02-2024","2,708.60","2,574.00","2,725.00","2,574.00","1.01M","5.81%"
"14-02-2024","2,559.85","2,604.70","2,604.70","2,521.55","460.55K","-2.61%"
"13-02-2024","2,628.55","2,614.70","2,632.95","2,552.10","188.10K","1.06%"
"12-02-2024","2,601.00","2,580.00","2,652.50","2,580.00","1.17M","0.45%"
"09-02-2024","2,589.30","2,580.00","2,648.00","2,550.55","413.77K","-0.32%"
"08-02-2024","2,597.50","2,608.00","2,659.85","2,587.10","429.04K","0.25%"
"07-02-2024","2,590.95","2,592.20","2,610.00","2,545.00","390.38K","0.48%"
"06-02-2024","2,578.65","2,498.00","2,592.40","2,472.00","885.29K","3.12%"
"05-02-2024","2,500.65","2,560.00","2,560.00","2,492.05","814.98K","-2.33%"
"02-02-2024","2,560.20","2,525.00","2,637.30","2,520.05","2.41M","-1.54%"
"01-02-2024","2,600.15","2,594.00","2,630.00","2,558.00","558.58K","0.06%"
"31-01-2024","2,598.50","2,587.00","2,602.05","2,551.85","300.42K","-0.19%"
"30-01-2024","2,603.50","2,598.90","2,638.65","2,575.00","1.05M","0.81%"
"29-01-2024","2,582.70","2,522.40","2,597.40","2,515.10","557.54K","2.39%"
"25-01-2024","2,522.40","2,574.95","2,584.90","2,492.30","534.99K","-1.69%"
"24-01-2024","2,565.75","2,533.20","2,600.00","2,502.00","234.27K","1.28%"
"23-01-2024","2,533.20","2,600.00","2,600.00","2,511.40","293.64K","-2.06%"
"20-01-2024","2,586.55","2,560.00","2,616.40","2,560.00","330.53K","1.47%"
"19-01-2024","2,549.05","2,542.90","2,572.35","2,515.00","435.73K","1.39%"
"18-01-2024","2,514.10","2,615.00","2,615.00","2,480.60","692.10K","-4.30%"
"17-01-2024","2,627.00","2,555.00","2,643.30","2,549.95","380.00K","0.90%"
"16-01-2024","2,603.50","2,613.00","2,638.95","2,586.20","691.34K","-0.85%"
"15-01-2024","2,625.85","2,725.00","2,762.85","2,596.85","1.44M","-2.01%"
"12-01-2024","2,679.60","2,620.00","2,738.00","2,611.30","1.57M","3.91%"
"11-01-2024","2,578.80","2,579.95","2,597.70","2,561.80","274.86K","0.76%"
"10-01-2024","2,559.40","2,564.00","2,579.00","2,518.00","474.29K","0.15%"
"09-01-2024","2,555.55","2,623.60","2,644.70","2,547.40","268.77K","-0.94%"
"08-01-2024","2,579.80","2,620.00","2,634.90","2,558.65","380.04K","-2.19%"
"05-01-2024","2,637.55","2,601.95","2,682.00","2,601.95","395.70K","1.50%"
"04-01-2024","2,598.65","2,591.95","2,641.00","2,581.50","535.05K","0.77%"
"03-01-2024","2,578.70","2,653.00","2,658.95","2,571.00","646.61K","-3.54%"
"02-01-2024","2,673.35","2,736.00","2,750.70","2,653.85","355.64K","-2.32%"
"01-01-2024","2,736.85","2,740.00","2,775.00","2,721.00","252.02K","-0.11%"
"29-12-2023","2,739.75","2,731.00","2,788.50","2,706.05","428.13K","0.41%"
"28-12-2023","2,728.55","2,715.00","2,739.60","2,705.65","567.88K","-0.41%"
"27-12-2023","2,739.70","2,734.75","2,758.25","2,699.40","617.84K","0.95%"
"26-12-2023","2,714.05","2,745.00","2,752.80","2,694.35","555.29K","-0.89%"
"22-12-2023","2,738.40","2,660.00","2,764.20","2,636.00","581.80K","3.56%"
"21-12-2023","2,644.35","2,575.00","2,651.90","2,567.95","214.17K","0.78%"
"20-12-2023","2,623.80","2,680.00","2,723.65","2,599.00","700.63K","-1.90%"
"19-12-2023","2,674.55","2,680.05","2,689.75","2,626.45","583.79K","-0.21%"
"18-12-2023","2,680.05","2,658.90","2,719.95","2,605.75","1.13M","0.80%"
"15-12-2023","2,658.90","2,600.00","2,677.80","2,577.00","1.71M","2.23%"
"14-12-2023","2,601.00","2,461.10","2,620.00","2,460.25","2.06M","7.23%"
"13-12-2023","2,425.65","2,445.00","2,445.90","2,384.00","290.96K","-0.31%"
"12-12-2023","2,433.10","2,446.00","2,464.65","2,422.45","270.76K","0.00%"
"11-12-2023","2,433.20","2,439.00","2,470.95","2,422.00","484.19K","0.25%"
"08-12-2023","2,427.05","2,410.00","2,455.00","2,402.00","529.47K","1.29%"
"07-12-2023","2,396.25","2,388.00","2,417.60","2,340.00","584.53K","0.50%"
"06-12-2023","2,384.35","2,351.00","2,404.90","2,350.65","698.39K","1.73%"
"05-12-2023","2,343.90","2,365.05","2,383.70","2,325.55","327.40K","-1.16%"
"04-12-2023","2,371.30","2,380.00","2,402.20","2,361.95","344.09K","-0.16%"
"01-12-2023","2,375.20","2,366.95","2,385.00","2,340.00","249.95K","0.87%"
"30-11-2023","2,354.65","2,349.90","2,368.50","2,328.20","572.52K","0.42%"
"29-11-2023","2,344.85","2,311.95","2,376.35","2,305.75","399.46K","1.96%"
"28-11-2023","2,299.80","2,334.95","2,334.95","2,273.40","561.74K","-0.85%"
"24-11-2023","2,319.40","2,350.20","2,364.70","2,287.00","118.97K","-1.40%"
"23-11-2023","2,352.35","2,354.95","2,376.25","2,335.00","445.93K","0.02%"
"22-11-2023","2,351.95","2,335.00","2,381.95","2,330.00","336.11K","0.68%"
"21-11-2023","2,336.10","2,367.45","2,371.75","2,319.40","261.05K","-0.57%"
"20-11-2023","2,349.45","2,329.75","2,368.90","2,314.50","369.61K","1.03%"
"17-11-2023","2,325.40","2,365.55","2,370.70","2,312.65","232.71K","-1.70%"
"16-11-2023","2,365.55","2,269.05","2,394.00","2,252.00","996.63K","4.25%"
"15-11-2023","2,269.05","2,216.95","2,272.55","2,210.05","1.14M","5.47%"
"13-11-2023","2,151.40","2,209.00","2,214.55","2,144.10","616.96K","-2.60%"
"12-11-2023","2,208.85","2,209.00","2,219.00","2,202.25","15.17K","0.30%"
"10-11-2023","2,202.20","2,187.40","2,206.00","2,173.40","279.56K","0.39%"
"09-11-2023","2,193.65","2,187.95","2,199.40","2,181.05","80.82K","0.52%"
"08-11-2023","2,182.20","2,210.00","2,218.40","2,176.10","651.52K","-0.91%"
"07-11-2023","2,202.30","2,192.00","2,208.00","2,183.30","116.70K","0.48%"
"06-11-2023","2,191.70","2,220.00","2,222.90","2,182.05","584.06K","-0.84%"
"03-11-2023","2,210.20","2,200.00","2,215.00","2,192.00","190.66K","1.03%"
"02-11-2023","2,187.70","2,169.00","2,195.00","2,160.00","258.26K","2.13%"
"01-11-2023","2,142.15","2,134.60","2,163.50","2,122.15","136.04K","0.88%"
"31-10-2023","2,123.40","2,159.00","2,166.05","2,117.55","101.59K","-1.00%"
"30-10-2023","2,144.95","2,127.00","2,153.20","2,104.00","526.66K","1.45%"
"27-10-2023","2,114.30","2,110.95","2,145.00","2,106.35","348.81K","0.43%"
"26-10-2023","2,105.35","2,110.05","2,119.95","2,069.10","751.49K","-1.05%"
"25-10-2023","2,127.60","2,130.00","2,162.95","2,122.00","460.04K","0.30%"
"23-10-2023","2,121.15","2,172.00","2,211.95","2,111.05","1.01M","-2.24%"
"20-10-2023","2,169.75","2,205.00","2,317.50","2,133.70","1.45M","-4.02%"
"19-10-2023","2,260.70","2,250.55","2,310.00","2,228.30","676.04K","0.24%"
"18-10-2023","2,255.20","2,292.00","2,303.00","2,241.35","428.76K","-1.55%"
"17-10-2023","2,290.75","2,369.95","2,371.90","2,287.40","756.68K","-2.91%"
"16-10-2023","2,359.50","2,360.00","2,386.30","2,348.00","332.22K","-0.70%"
"13-10-2023","2,376.20","2,424.65","2,461.45","2,350.00","721.30K","-3.24%"
"12-10-2023","2,455.85","2,465.05","2,504.90","2,445.00","353.13K","-0.33%"
"11-10-2023","2,464.10","2,483.00","2,545.90","2,459.00","571.09K","-0.65%"
"10-10-2023","2,480.20","2,477.05","2,492.00","2,453.75","232.51K","0.21%"
"09-10-2023","2,475.00","2,461.60","2,499.00","2,454.00","365.32K","-0.64%"
"06-10-2023","2,491.00","2,478.95","2,496.50","2,456.50","551.24K","0.80%"
"05-10-2023","2,471.20","2,440.10","2,480.05","2,420.05","495.27K","1.81%"
"04-10-2023","2,427.30","2,367.00","2,460.00","2,344.75","591.30K","2.00%"
"03-10-2023","2,379.75","2,376.60","2,385.00","2,326.00","275.80K","0.13%"
"29-09-2023","2,376.60","2,398.40","2,415.75","2,342.30","317.77K","-0.39%"
"28-09-2023","2,385.80","2,466.75","2,479.25","2,366.00","301.54K","-3.41%"
"27-09-2023","2,470.00","2,441.05","2,475.45","2,435.00","217.87K","1.17%"
"26-09-2023","2,441.45","2,492.50","2,492.50","2,414.00","435.79K","-2.08%"
"25-09-2023","2,493.40","2,480.00","2,520.00","2,473.30","565.64K","0.30%"
"22-09-2023","2,486.00","2,467.10","2,495.60","2,447.10","172.48K","-0.08%"
"21-09-2023","2,488.10","2,468.80","2,495.00","2,456.40","187.65K","0.22%"
"20-09-2023","2,482.70","2,470.95","2,497.75","2,451.85","234.75K","-0.05%"
"18-09-2023","2,484.00","2,481.05","2,500.00","2,455.00","211.58K","-0.37%"
"15-09-2023","2,493.15","2,470.00","2,528.55","2,470.00","618.42K","1.27%"
"14-09-2023","2,461.95","2,447.95","2,517.55","2,447.95","256.89K","0.69%"
"13-09-2023","2,445.10","2,464.95","2,466.70","2,417.70","192.01K","-0.94%"
"12-09-2023","2,468.20","2,468.50","2,487.25","2,406.65","314.44K","-0.33%"
"11-09-2023","2,476.45","2,466.95","2,489.90","2,456.85","147.56K","0.42%"
"08-09-2023","2,466.15","2,469.95","2,485.00","2,442.80","198.73K","-0.09%"
"07-09-2023","2,468.45","2,470.00","2,499.15","2,452.55","207.78K","-0.29%"
"06-09-2023","2,475.75","2,521.90","2,534.55","2,451.85","381.20K","-1.83%"
"05-09-2023","2,521.90","2,509.00","2,552.00","2,483.35","787.17K","1.18%"
"04-09-2023","2,492.40","2,435.10","2,509.85","2,409.25","751.78K","2.43%"
"01-09-2023","2,433.20","2,441.55","2,447.45","2,415.50","319.37K","0.18%"
"31-08-2023","2,428.80","2,365.85","2,454.00","2,352.50","1.05M","2.66%"
"30-08-2023","2,365.85","2,328.00","2,383.75","2,323.10","534.40K","2.37%"
"29-08-2023","2,311.00","2,326.00","2,342.20","2,301.25","569.34K","-0.84%"
"28-08-2023","2,330.55","2,404.85","2,410.00","2,322.25","647.16K","-2.57%"
"25-08-2023","2,392.10","2,453.00","2,491.00","2,385.05","510.77K","-2.91%"
"24-08-2023","2,463.90","2,374.00","2,472.95","2,358.15","1.53M","4.66%"
"23-08-2023","2,354.20","2,369.00","2,384.00","2,340.55","207.67K","-0.60%"
"22-08-2023","2,368.50","2,339.90","2,373.25","2,325.50","505.60K","2.23%"
"21-08-2023","2,316.90","2,292.00","2,365.50","2,221.00","701.72K","1.13%"
"18-08-2023","2,291.05","2,332.80","2,332.80","2,255.00","641.46K","-2.09%"
"17-08-2023","2,339.90","2,310.00","2,351.20","2,305.60","255.09K","1.10%"
"16-08-2023","2,314.35","2,367.55","2,387.45","2,302.30","742.80K","-2.25%"
"14-08-2023","2,367.55","2,296.00","2,375.70","2,285.00","358.48K","1.63%"
"11-08-2023","2,329.65","2,350.00","2,369.00","2,306.00","226.67K","-0.82%"
"10-08-2023","2,348.90","2,357.95","2,378.90","2,323.55","314.68K","-0.61%"
"09-08-2023","2,363.30","2,333.00","2,368.70","2,300.85","551.09K","0.99%"
"08-08-2023","2,340.15","2,345.50","2,380.00","2,320.85","692.72K","0.43%"
"07-08-2023","2,330.15","2,265.50","2,342.45","2,260.00","462.26K","2.94%"
"04-08-2023","2,263.65","2,255.00","2,279.00","2,244.00","233.17K","1.21%"
"03-08-2023","2,236.65","2,210.00","2,242.20","2,195.25","390.09K","1.30%"
"02-08-2023","2,208.00","2,289.05","2,289.05","2,183.00","862.98K","-3.77%"
"01-08-2023","2,294.60","2,295.00","2,321.00","2,275.50","777.93K","-0.02%"
"31-07-2023","2,294.95","2,254.95","2,300.00","2,249.55","264.78K","1.98%"
"28-07-2023","2,250.35","2,299.15","2,299.15","2,216.75","303.06K","-1.34%"
"27-07-2023","2,280.95","2,254.45","2,322.00","2,254.45","317.41K","1.18%"
"26-07-2023","2,254.45","2,275.00","2,316.55","2,245.40","460.93K","-0.60%"
"25-07-2023","2,268.10","2,272.60","2,300.00","2,252.65","465.02K","-0.20%"
"24-07-2023","2,272.60","2,330.85","2,330.85","2,218.95","1.34M","-2.50%"
"21-07-2023","2,330.85","2,115.05","2,350.00","2,112.10","3.36M","5.28%"
"20-07-2023","2,213.90","2,171.00","2,220.95","2,160.00","936.05K","2.03%"
"19-07-2023","2,169.80","2,125.00","2,175.00","2,105.05","690.46K","2.19%"
"18-07-2023","2,123.40","2,136.95","2,143.90","2,089.95","720.15K","-0.02%"
"17-07-2023","2,123.75","2,095.90","2,198.00","2,080.05","2.68M","2.62%"
"14-07-2023","2,069.55","1,940.00","2,079.00","1,935.00","2.66M","7.67%"
"13-07-2023","1,922.20","1,905.00","1,954.80","1,901.75","795.78K","0.96%"
"12-07-2023","1,904.00","1,904.20","1,919.10","1,889.50","319.79K","-0.25%"
"11-07-2023","1,908.85","1,885.00","1,913.30","1,880.00","449.39K","1.29%"
"10-07-2023","1,884.60","1,880.00","1,892.45","1,850.00","434.17K","0.38%"
"07-07-2023","1,877.50","1,872.80","1,898.70","1,861.45","437.36K","-0.28%"
"06-07-2023","1,882.75","1,877.60","1,891.20","1,872.20","375.11K","0.04%"
"05-07-2023","1,882.05","1,874.90","1,884.45","1,853.00","617.49K","-1.75%"
"04-07-2023","1,915.55","1,912.00","1,921.90","1,900.00","442.88K","0.64%"
"03-07-2023","1,903.35","1,917.00","1,926.85","1,891.20","543.98K","0.44%"
"30-06-2023","1,895.05","1,875.00","1,922.00","1,850.30","937.65K","2.50%"
"28-06-2023","1,848.80","1,854.00","1,854.00","1,834.00","487.24K","0.52%"
"27-06-2023","1,839.25","1,818.00","1,842.00","1,813.40","443.34K","1.39%"
"26-06-2023","1,814.00","1,828.00","1,839.05","1,807.60","1.02M","-0.93%"
"23-06-2023","1,831.05","1,854.80","1,857.00","1,826.30","347.43K","-1.29%"
"22-06-2023","1,855.05","1,865.65","1,869.95","1,850.10","517.03K","-1.16%"
"21-06-2023","1,876.75","1,880.00","1,888.90","1,870.00","249.16K","-0.41%"
"20-06-2023","1,884.50","1,873.05","1,889.00","1,854.30","589.67K","0.61%"
"19-06-2023","1,873.05","1,867.00","1,879.00","1,854.15","263.49K","0.70%"
"16-06-2023","1,860.05","1,855.00","1,892.00","1,852.10","666.74K","-0.80%"
"15-06-2023","1,875.10","1,880.00","1,893.55","1,869.15","259.57K","-0.11%"
"14-06-2023","1,877.25","1,890.00","1,898.15","1,872.75","219.69K","-1.11%"
"13-06-2023","1,898.25","1,899.90","1,914.00","1,891.00","215.28K","0.44%"
"12-06-2023","1,889.95","1,856.95","1,893.00","1,850.00","325.24K","1.98%"
"09-06-2023","1,853.25","1,870.00","1,874.85","1,843.00","374.79K","-0.57%"
"08-06-2023","1,863.85","1,906.00","1,908.75","1,860.00","589.17K","-2.35%"
"07-06-2023","1,908.75","1,923.95","1,934.00","1,903.25","489.62K","-0.30%"
"06-06-2023","1,914.40","1,947.55","1,947.55","1,895.00","906.26K","-3.67%"
"05-06-2023","1,987.35","2,025.00","2,040.00","1,977.30","575.42K","-1.50%"
"02-06-2023","2,017.65","1,997.00","2,032.80","1,978.65","650.82K","2.04%"
"01-06-2023","1,977.35","1,955.00","2,023.00","1,955.00","778.64K","1.57%"
"31-05-2023","1,946.85","1,965.20","1,975.00","1,931.35","1.21M","-1.42%"
"30-05-2023","1,974.90","1,975.50","1,985.20","1,960.80","277.68K","0.36%"
"29-05-2023","1,967.85","1,982.20","2,000.00","1,960.55","379.01K","-0.35%"
"26-05-2023","1,974.70","1,947.55","1,992.45","1,944.00","576.99K","2.11%"
"25-05-2023","1,933.90","1,957.00","1,957.00","1,916.95","199.82K","-0.71%"
"24-05-2023","1,947.80","1,938.00","1,954.85","1,911.25","314.94K","0.18%"
"23-05-2023","1,944.25","1,980.00","1,995.00","1,935.00","436.51K","-1.25%"
"22-05-2023","1,968.80","1,914.80","1,974.70","1,907.50","596.98K","3.27%"
"19-05-2023","1,906.50","1,862.20","1,927.75","1,848.55","737.77K","2.38%"
"18-05-2023","1,862.20","1,869.90","1,879.95","1,850.00","244.99K","0.08%"
"17-05-2023","1,860.65","1,880.15","1,890.00","1,839.60","296.13K","-1.04%"
"16-05-2023","1,880.15","1,874.90","1,899.25","1,861.25","299.57K","0.81%"
"15-05-2023","1,865.05","1,850.05","1,872.00","1,842.65","208.39K","0.69%"
"12-05-2023","1,852.35","1,875.20","1,877.95","1,842.50","276.95K","-1.06%"
"11-05-2023","1,872.20","1,884.00","1,889.95","1,863.05","171.69K","0.34%"
"10-05-2023","1,865.80","1,870.00","1,879.40","1,850.45","589.67K","0.30%"
"09-05-2023","1,860.20","1,851.00","1,874.95","1,837.15","414.15K","0.51%"
"08-05-2023","1,850.80","1,839.00","1,860.00","1,829.30","359.58K","1.69%"
"05-05-2023","1,820.00","1,845.00","1,852.00","1,812.50","203.83K","-1.35%"
"04-05-2023","1,844.90","1,857.00","1,862.10","1,838.05","209.11K","-0.40%"
"03-05-2023","1,852.40","1,824.00","1,858.50","1,806.60","414.57K","-0.46%"
"02-05-2023","1,861.05","1,823.95","1,879.00","1,821.00","799.69K","2.57%"
"28-04-2023","1,814.45","1,751.00","1,843.70","1,751.00","1.04M","1.70%"
"27-04-2023","1,784.05","1,751.75","1,806.65","1,751.75","504.13K","1.37%"
"26-04-2023","1,760.00","1,755.75","1,769.50","1,743.80","463.88K","0.01%"
"25-04-2023","1,759.80","1,760.00","1,773.90","1,734.85","513.36K","-0.03%"
"24-04-2023","1,760.30","1,765.00","1,768.95","1,734.10","482.50K","0.02%"
"21-04-2023","1,759.95","1,730.05","1,762.95","1,725.00","410.23K","0.11%"
"20-04-2023","1,758.00","1,785.00","1,799.00","1,754.10","252.07K","-1.46%"
"19-04-2023","1,784.05","1,792.00","1,793.20","1,760.00","307.19K","0.01%"
"18-04-2023","1,783.80","1,744.00","1,789.00","1,733.75","390.52K","2.72%"
"17-04-2023","1,736.55","1,749.95","1,749.95","1,660.05","1.22M","-1.95%"
"13-04-2023","1,771.05","1,804.00","1,809.95","1,755.60","598.35K","-2.72%"
"12-04-2023","1,820.60","1,806.95","1,825.25","1,788.00","268.87K","1.20%"
"11-04-2023","1,799.05","1,818.50","1,847.70","1,790.05","537.82K","-0.70%"
"10-04-2023","1,811.70","1,799.95","1,819.00","1,786.45","235.55K","0.98%"
"06-04-2023","1,794.10","1,805.65","1,826.25","1,766.35","248.87K","-1.19%"
"05-04-2023","1,815.65","1,801.60","1,827.00","1,787.00","401.00K","1.00%"
"03-04-2023","1,797.65","1,812.00","1,818.00","1,769.55","314.52K","0.11%"
"31-03-2023","1,795.75","1,732.95","1,802.45","1,732.95","748.06K","4.51%"
"29-03-2023","1,718.20","1,670.00","1,749.55","1,670.00","3.00M","2.94%"
"28-03-2023","1,669.10","1,712.60","1,713.95","1,661.20","807.94K","-3.23%"
"27-03-2023","1,724.75","1,745.10","1,768.55","1,720.10","542.92K","-0.73%"
"24-03-2023","1,737.40","1,789.00","1,812.00","1,727.15","450.06K","-2.55%"
"23-03-2023","1,782.85","1,799.00","1,799.00","1,763.55","360.99K","-0.92%"
"22-03-2023","1,799.35","1,808.00","1,836.85","1,792.15","735.38K","0.39%"
"21-03-2023","1,792.30","1,823.00","1,828.80","1,785.80","596.35K","-1.70%"
"20-03-2023","1,823.35","1,853.80","1,879.95","1,810.05","605.20K","-3.34%"
"17-03-2023","1,886.40","1,923.25","1,932.90","1,876.50","1.42M","-0.98%"
"16-03-2023","1,905.05","1,899.35","1,912.85","1,862.95","333.66K","0.30%"
"15-03-2023","1,899.35","1,910.00","1,925.00","1,890.00","531.71K","0.14%"
"14-03-2023","1,896.70","1,971.60","1,976.85","1,886.35","1.05M","-3.32%"
"13-03-2023","1,961.75","2,047.10","2,067.90","1,953.00","459.40K","-3.79%"
"10-03-2023","2,038.95","2,065.35","2,078.80","2,032.00","474.82K","-3.13%"
"09-03-2023","2,104.90","2,148.95","2,154.95","2,098.60","145.06K","-1.86%"
"08-03-2023","2,144.90","2,118.50","2,149.80","2,085.00","306.96K","0.30%"
"06-03-2023","2,138.45","2,085.00","2,145.55","2,085.00","488.71K","2.85%"
"03-03-2023","2,079.20","2,052.95","2,091.55","2,038.00","351.10K","1.56%"
"02-03-2023","2,047.20","2,043.00","2,077.55","2,012.80","529.21K","-0.64%"
"01-03-2023","2,060.40","2,035.00","2,081.00","2,028.30","258.08K","1.23%"
"28-02-2023","2,035.40","2,048.95","2,086.00","2,023.60","1.53M","-0.22%"
"27-02-2023","2,039.85","2,150.00","2,151.00","2,021.90","1.29M","-7.19%"
"24-02-2023","2,197.95","2,194.00","2,210.00","2,161.35","317.55K","0.68%"
"23-02-2023","2,183.05","2,200.00","2,207.45","2,162.55","331.97K","-0.77%"
"22-02-2023","2,200.00","2,186.60","2,208.45","2,165.00","317.56K","-0.47%"
"21-02-2023","2,210.30","2,254.35","2,290.00","2,205.00","442.83K","-1.46%"
"20-02-2023","2,243.10","2,225.55","2,255.75","2,210.00","440.07K","0.29%"
"17-02-2023","2,236.55","2,245.00","2,262.80","2,212.90","523.27K","-1.15%"
"16-02-2023","2,262.55","2,169.50","2,271.55","2,165.00","1.19M","4.81%"
"15-02-2023","2,158.70","2,150.05","2,172.00","2,123.45","232.99K","0.30%"
"14-02-2023","2,152.15","2,128.60","2,168.00","2,126.80","245.72K","1.11%"
"13-02-2023","2,128.60","2,164.15","2,164.15","2,099.90","243.75K","-1.15%"
"10-02-2023","2,153.35","2,140.00","2,157.00","2,125.15","193.47K","0.62%"
"09-02-2023","2,140.15","2,126.00","2,144.40","2,104.00","135.85K","0.63%"
"08-02-2023","2,126.80","2,105.75","2,149.90","2,105.15","396.08K","1.70%"
"07-02-2023","2,091.15","2,094.60","2,119.65","2,086.80","186.26K","-0.16%"
"06-02-2023","2,094.60","2,087.75","2,104.40","2,055.55","167.48K","0.35%"
"03-02-2023","2,087.30","2,112.00","2,114.95","2,076.70","267.86K","-0.41%"
"02-02-2023","2,095.80","2,098.00","2,110.00","2,070.05","324.45K","1.14%"
"01-02-2023","2,072.15","2,085.00","2,100.00","2,044.35","196.54K","-0.03%"
"31-01-2023","2,072.80","2,119.95","2,122.60","2,068.00","434.68K","-2.08%"
"30-01-2023","2,116.85","2,070.00","2,125.00","2,053.60","630.50K","2.14%"
"27-01-2023","2,072.40","2,089.00","2,108.95","2,042.25","453.61K","0.12%"
"25-01-2023","2,070.00","2,118.00","2,123.85","2,057.60","388.56K","-2.23%"
"24-01-2023","2,117.20","2,065.50","2,143.70","2,055.25","953.86K","2.84%"
"23-01-2023","2,058.80","2,026.00","2,064.30","1,999.00","416.10K","1.69%"
"20-01-2023","2,024.65","2,039.05","2,048.40","1,959.95","1.26M","-2.07%"
"19-01-2023","2,067.35","2,035.00","2,071.65","2,027.85","224.50K","0.99%"
"18-01-2023","2,047.05","2,043.00","2,056.70","2,037.95","239.10K","0.27%"
"17-01-2023","2,041.50","2,041.00","2,048.35","2,026.60","151.55K","0.08%"
"16-01-2023","2,039.90","2,044.95","2,053.15","2,019.00","259.85K","0.23%"
"13-01-2023","2,035.25","2,025.00","2,042.65","1,962.10","624.99K","1.04%"
"12-01-2023","2,014.40","2,040.00","2,050.20","1,991.90","334.71K","-0.72%"
"11-01-2023","2,029.00","1,988.75","2,052.00","1,975.85","678.58K","2.02%"
"10-01-2023","1,988.75","1,990.00","1,995.00","1,954.00","259.07K","-0.54%"
"09-01-2023","1,999.50","1,990.95","2,028.95","1,986.85","335.24K","1.10%"
"06-01-2023","1,977.70","2,010.00","2,030.00","1,967.55","596.22K","-1.77%"
"05-01-2023","2,013.40","2,015.00","2,018.00","1,980.55","378.23K","0.35%"
"04-01-2023","2,006.35","2,007.00","2,017.40","1,973.00","468.75K","0.10%"
"03-01-2023","2,004.30","1,969.50","2,017.00","1,963.25","390.46K","1.77%"
"02-01-2023","1,969.40","1,985.00","1,985.75","1,932.65","315.33K","-0.17%"
"30-12-2022","1,972.80","1,956.10","2,001.90","1,950.00","652.30K","2.13%"
"29-12-2022","1,931.60","1,921.90","1,941.80","1,915.20","556.99K","-0.45%"
"28-12-2022","1,940.40","1,934.00","1,951.70","1,916.20","337.57K","-0.08%"
"27-12-2022","1,942.00","1,926.30","1,950.00","1,914.25","240.02K","1.32%"
"26-12-2022","1,916.75","1,919.45","1,938.00","1,910.00","337.99K","-0.14%"
"23-12-2022","1,919.45","1,984.00","1,984.00","1,904.00","302.97K","-3.50%"
"22-12-2022","1,989.15","1,987.00","1,994.30","1,963.50","399.96K","1.52%"
"21-12-2022","1,959.35","1,960.50","1,982.00","1,948.00","297.31K","0.44%"
"20-12-2022","1,950.70","1,923.05","1,959.40","1,902.00","357.92K","1.44%"
"19-12-2022","1,923.05","1,921.00","1,929.10","1,896.05","323.35K","0.52%"
"16-12-2022","1,913.15","1,944.50","1,978.05","1,899.75","1.42M","-2.51%"
"15-12-2022","1,962.35","1,988.05","1,999.00","1,957.55","456.61K","-1.92%"
"14-12-2022","2,000.85","2,008.00","2,032.00","1,985.00","456.72K","0.60%"
"13-12-2022","1,988.85","2,009.40","2,018.95","1,982.95","559.21K","-0.50%"
"12-12-2022","1,998.90","1,996.50","2,020.60","1,954.25","407.46K","0.08%"
"09-12-2022","1,997.30","2,095.00","2,098.80","1,975.55","584.15K","-4.00%"
"08-12-2022","2,080.45","2,087.00","2,087.00","2,056.05","282.64K","0.49%"
"07-12-2022","2,070.25","2,093.80","2,093.80","2,053.50","617.20K","-1.21%"
"06-12-2022","2,095.60","2,124.85","2,128.00","2,080.05","552.48K","-1.89%"
"05-12-2022","2,135.95","2,164.95","2,176.95","2,112.20","358.10K","-0.99%"
"02-12-2022","2,157.35","2,160.00","2,168.00","2,133.70","720.90K","1.04%"
"01-12-2022","2,135.20","2,047.00","2,146.00","2,040.00","1.80M","5.85%"
"30-11-2022","2,017.25","2,006.00","2,032.50","1,977.05","638.17K","0.68%"
"29-11-2022","2,003.65","2,006.50","2,020.00","1,994.40","261.50K","-0.40%"
"28-11-2022","2,011.65","1,989.75","2,022.50","1,974.00","353.03K","1.11%"
"25-11-2022","1,989.55","1,950.00","1,999.95","1,930.50","582.58K","2.49%"
"24-11-2022","1,941.25","1,909.15","1,948.20","1,901.05","717.40K","2.19%"
"23-11-2022","1,899.65","1,932.00","1,948.00","1,898.00","586.69K","-1.26%"
"22-11-2022","1,923.95","1,925.00","1,934.70","1,898.50","720.68K","-0.08%"
"21-11-2022","1,925.40","1,949.05","1,952.00","1,922.05","428.67K","-1.19%"
"18-11-2022","1,948.60","1,978.00","1,987.45","1,936.00","449.79K","-1.21%"
"17-11-2022","1,972.55","2,020.50","2,038.05","1,965.00","519.46K","-3.14%"
"16-11-2022","2,036.45","2,014.00","2,039.65","2,000.00","476.39K","1.13%"
"15-11-2022","2,013.65","2,030.00","2,050.00","1,987.30","505.61K","-1.07%"
"14-11-2022","2,035.40","2,048.00","2,063.00","2,024.00","529.23K","0.43%"
"11-11-2022","2,026.65","1,965.10","2,034.00","1,962.95","1.35M","5.11%"
"10-11-2022","1,928.15","1,939.00","1,954.80","1,914.05","425.49K","-1.10%"
"09-11-2022","1,949.65","1,985.90","1,996.65","1,941.00","464.50K","-1.59%"
"07-11-2022","1,981.05","1,975.30","1,987.90","1,951.45","431.97K","0.57%"
"04-11-2022","1,969.80","1,990.00","1,993.65","1,956.00","294.55K","-1.00%"
"03-11-2022","1,989.70","2,005.00","2,009.00","1,981.00","466.76K","-2.28%"
"02-11-2022","2,036.15","2,019.00","2,041.95","2,003.00","312.70K","1.24%"
"01-11-2022","2,011.30","1,988.40","2,015.50","1,977.10","426.27K","1.66%"
"31-10-2022","1,978.50","1,960.00","1,989.70","1,959.00","378.91K","1.57%"
"28-10-2022","1,947.85","1,970.00","1,982.00","1,928.50","837.37K","-1.12%"
"27-10-2022","1,969.95","2,055.25","2,055.25","1,961.00","691.10K","-3.17%"
"25-10-2022","2,034.40","2,054.00","2,055.00","2,020.00","335.21K","-0.18%"
"24-10-2022","2,038.00","2,051.10","2,066.00","2,026.40","52.37K","-0.24%"
"21-10-2022","2,042.95","2,120.00","2,130.00","2,032.35","1.18M","-4.86%"
"20-10-2022","2,147.40","2,100.00","2,151.00","2,071.55","418.96K","1.80%"
"19-10-2022","2,109.45","2,117.00","2,125.45","2,106.75","149.64K","-0.26%"
"18-10-2022","2,115.00","2,111.70","2,132.00","2,106.00","311.14K","0.67%"
"17-10-2022","2,100.95","2,100.00","2,112.00","2,082.20","321.14K","-0.23%"
"14-10-2022","2,105.70","2,138.00","2,150.00","2,097.00","578.29K","0.92%"
"13-10-2022","2,086.60","2,078.00","2,105.80","2,059.00","217.47K","-0.05%"
"12-10-2022","2,087.60","2,090.00","2,105.00","2,046.00","481.26K","-0.30%"
"11-10-2022","2,093.80","2,137.70","2,153.60","2,080.00","601.97K","-1.54%"
"10-10-2022","2,126.50","2,080.00","2,133.00","2,068.00","329.23K","0.38%"
"07-10-2022","2,118.45","2,137.80","2,139.80","2,083.50","449.79K","-0.17%"
"06-10-2022","2,122.05","2,079.00","2,130.55","2,075.05","1.04M","2.61%"
"04-10-2022","2,068.00","2,040.00","2,078.10","2,026.30","835.62K","3.08%"
"03-10-2022","2,006.30","2,088.05","2,097.90","2,000.10","693.74K","-3.90%"
"30-09-2022","2,087.65","2,052.00","2,105.00","2,052.00","891.74K","0.56%"
"29-09-2022","2,075.95","2,100.95","2,108.50","2,051.25","1.54M","-0.31%"
"28-09-2022","2,082.50","2,050.50","2,099.00","2,042.00","602.22K","1.45%"
"27-09-2022","2,052.75","2,051.00","2,084.10","2,018.05","520.32K","0.49%"
"26-09-2022","2,042.80","2,005.00","2,064.50","1,981.55","569.50K","1.16%"
"23-09-2022","2,019.45","2,031.00","2,076.90","2,010.50","472.80K","-1.91%"
"22-09-2022","2,058.70","2,051.65","2,097.90","2,045.05","402.09K","-0.79%"
"21-09-2022","2,075.10","2,064.95","2,095.70","2,050.00","363.50K","0.11%"
"20-09-2022","2,072.85","2,035.40","2,115.00","2,035.40","526.61K","2.20%"
"19-09-2022","2,028.15","2,023.95","2,040.00","1,991.10","443.41K","0.59%"
"16-09-2022","2,016.35","2,090.00","2,090.50","2,002.15","582.95K","-3.83%"
"15-09-2022","2,096.65","2,100.10","2,111.35","2,071.05","226.66K","0.33%"
"14-09-2022","2,089.65","2,075.30","2,103.75","2,075.30","687.26K","-2.90%"
"13-09-2022","2,152.10","2,180.00","2,182.00","2,143.15","384.53K","-0.39%"
"12-09-2022","2,160.60","2,166.00","2,178.85","2,141.15","538.10K","0.73%"
"09-09-2022","2,144.85","2,121.75","2,158.00","2,092.00","348.81K","2.30%"
"08-09-2022","2,096.60","2,122.00","2,136.60","2,081.55","371.05K","0.61%"
"07-09-2022","2,083.95","2,055.00","2,092.20","2,035.00","457.58K","1.11%"
"06-09-2022","2,061.05","2,100.00","2,111.70","2,055.05","590.97K","-1.50%"
"05-09-2022","2,092.40","2,073.00","2,098.20","2,070.25","392.96K","0.94%"
"02-09-2022","2,072.85","2,116.25","2,116.85","2,070.05","524.47K","-1.04%"
"01-09-2022","2,094.60","2,118.00","2,137.80","2,081.00","532.53K","-1.71%"
"30-08-2022","2,130.95","2,146.00","2,148.95","2,090.10","549.31K","2.09%"
"29-08-2022","2,087.30","2,075.00","2,119.95","2,062.05","582.19K","-3.64%"
"26-08-2022","2,166.05","2,221.55","2,232.95","2,156.85","537.38K","-1.23%"
"25-08-2022","2,192.95","2,239.80","2,245.00","2,188.00","362.96K","-1.24%"
"24-08-2022","2,220.40","2,275.00","2,294.20","2,210.00","591.63K","-1.97%"
"23-08-2022","2,264.95","2,310.00","2,315.40","2,215.10","912.00K","-3.47%"
"22-08-2022","2,346.30","2,389.00","2,389.00","2,330.00","688.09K","-2.00%"
"19-08-2022","2,394.15","2,423.00","2,444.90","2,372.25","614.67K","-0.71%"
"18-08-2022","2,411.20","2,404.00","2,419.00","2,353.00","462.93K","0.28%"
"17-08-2022","2,404.40","2,369.80","2,419.00","2,348.15","554.08K","2.15%"
"16-08-2022","2,353.75","2,413.90","2,413.90","2,343.50","278.99K","-0.85%"
"12-08-2022","2,373.95","2,426.20","2,427.95","2,362.55","485.29K","-2.10%"
"11-08-2022","2,424.75","2,380.70","2,429.85","2,380.70","451.71K","2.55%"
"10-08-2022","2,364.40","2,390.00","2,391.15","2,312.75","398.94K","-1.12%"
"08-08-2022","2,391.15","2,399.95","2,408.20","2,364.55","305.15K","-0.15%"
"05-08-2022","2,394.85","2,380.00","2,410.00","2,365.00","451.84K","0.99%"
"04-08-2022","2,371.45","2,345.00","2,386.95","2,308.00","1.06M","2.22%"
"03-08-2022","2,320.00","2,282.00","2,328.00","2,261.00","672.85K","1.63%"
"02-08-2022","2,282.80","2,305.95","2,305.95","2,265.30","301.78K","-1.00%"
"01-08-2022","2,305.95","2,330.00","2,334.15","2,291.85","475.78K","0.27%"
"29-07-2022","2,299.80","2,264.80","2,319.00","2,261.30","867.62K","2.84%"
"28-07-2022","2,236.20","2,244.95","2,257.55","2,216.35","595.04K","0.82%"
"27-07-2022","2,217.95","2,186.60","2,223.80","2,151.00","679.29K","1.86%"
"26-07-2022","2,177.55","2,318.00","2,320.00","2,170.00","1.22M","-6.24%"
"25-07-2022","2,322.35","2,290.00","2,342.00","2,264.95","1.11M","2.02%"
"22-07-2022","2,276.45","2,264.80","2,298.00","2,173.00","1.22M","0.74%"
"21-07-2022","2,259.65","2,270.00","2,274.00","2,216.00","645.97K","0.15%"
"20-07-2022","2,256.35","2,180.00","2,269.95","2,165.50","817.93K","5.10%"
"19-07-2022","2,146.80","2,158.00","2,173.30","2,132.00","591.95K","-0.57%"
"18-07-2022","2,159.00","2,160.00","2,203.95","2,141.20","567.32K","0.81%"
"15-07-2022","2,141.55","2,122.30","2,144.90","2,070.50","885.04K","1.44%"
"14-07-2022","2,111.20","2,163.95","2,172.25","2,090.00","528.57K","-1.67%"
"13-07-2022","2,147.05","2,178.65","2,192.95","2,140.00","329.81K","-0.83%"
"12-07-2022","2,164.95","2,196.80","2,234.00","2,155.00","443.19K","-1.65%"
"11-07-2022","2,201.35","2,201.00","2,214.50","2,131.00","498.48K","-1.41%"
"08-07-2022","2,232.80","2,242.60","2,271.75","2,208.00","368.03K","1.04%"
"07-07-2022","2,209.85","2,220.00","2,255.00","2,185.05","358.48K","0.25%"
"06-07-2022","2,204.30","2,170.00","2,231.95","2,152.55","362.90K","1.58%"
"05-07-2022","2,169.95","2,194.90","2,229.95","2,161.00","557.93K","-2.64%"
"04-07-2022","2,228.75","2,252.90","2,264.00","2,185.00","298.46K","-0.55%"
"01-07-2022","2,241.15","2,279.20","2,299.45","2,220.10","332.86K","-2.31%"
"30-06-2022","2,294.05","2,339.00","2,352.70","2,273.00","334.46K","-0.89%"
"29-06-2022","2,314.65","2,337.55","2,343.85","2,305.75","726.36K","-2.37%"
"28-06-2022","2,370.95","2,320.00","2,379.60","2,300.00","361.33K","1.38%"
"27-06-2022","2,338.75","2,294.95","2,350.00","2,294.95","418.21K","3.45%"
"24-06-2022","2,260.65","2,320.00","2,344.00","2,252.40","808.68K","-2.17%"
"23-06-2022","2,310.90","2,297.05","2,338.60","2,284.20","569.47K","1.04%"
"22-06-2022","2,287.05","2,280.00","2,325.05","2,228.00","969.84K","0.08%"
"21-06-2022","2,285.15","2,200.00","2,300.00","2,159.25","521.53K","4.87%"
"20-06-2022","2,179.05","2,184.00","2,204.60","2,112.05","577.01K","-0.64%"
"17-06-2022","2,193.15","2,270.00","2,285.25","2,170.30","1.08M","-5.01%"
"16-06-2022","2,308.85","2,378.00","2,399.85","2,294.00","981.61K","-1.28%"
"15-06-2022","2,338.75","2,316.50","2,348.50","2,310.55","357.44K","1.40%"
"14-06-2022","2,306.35","2,348.90","2,389.30","2,296.00","463.63K","-2.48%"
"13-06-2022","2,365.10","2,437.00","2,442.55","2,356.25","437.52K","-5.69%"
"10-06-2022","2,507.85","2,564.00","2,576.75","2,491.65","373.30K","-3.28%"
"09-06-2022","2,592.85","2,500.00","2,616.85","2,482.00","757.54K","2.79%"
"08-06-2022","2,522.40","2,510.00","2,554.70","2,503.60","303.86K","0.63%"
"07-06-2022","2,506.50","2,530.00","2,530.00","2,476.15","185.16K","-1.25%"
"06-06-2022","2,538.10","2,549.00","2,552.85","2,495.60","209.21K","-1.17%"
"03-06-2022","2,568.05","2,650.00","2,700.00","2,558.90","625.25K","-0.64%"
"02-06-2022","2,584.50","2,529.70","2,610.00","2,529.70","375.88K","2.18%"
"01-06-2022","2,529.45","2,599.00","2,616.00","2,520.05","321.63K","-2.47%"
"31-05-2022","2,593.55","2,582.00","2,616.80","2,550.00","557.66K","0.26%"
"30-05-2022","2,586.70","2,529.80","2,638.20","2,526.00","582.06K","4.13%"
"27-05-2022","2,484.15","2,436.00","2,511.90","2,426.15","269.69K","3.55%"
"26-05-2022","2,399.05","2,357.00","2,410.00","2,319.70","479.36K","2.32%"
"25-05-2022","2,344.65","2,460.00","2,469.60","2,262.05","1.35M","-5.79%"
"24-05-2022","2,488.65","2,525.00","2,541.25","2,470.10","412.18K","-1.25%"
"23-05-2022","2,520.10","2,469.00","2,536.95","2,452.50","295.77K","2.48%"
"20-05-2022","2,459.05","2,505.00","2,519.85","2,450.30","263.90K","0.06%"
"19-05-2022","2,457.65","2,550.00","2,600.80","2,445.70","672.98K","-7.02%"
"18-05-2022","2,643.15","2,600.00","2,697.85","2,593.30","669.94K","2.66%"
"17-05-2022","2,574.70","2,488.00","2,585.00","2,477.00","361.50K","3.91%"
"16-05-2022","2,477.90","2,450.50","2,495.95","2,410.05","431.64K","1.40%"
"13-05-2022","2,443.70","2,555.00","2,579.90","2,430.00","417.70K","-2.74%"
"12-05-2022","2,512.65","2,580.50","2,622.20","2,505.55","314.73K","-4.37%"
"11-05-2022","2,627.45","2,664.50","2,671.25","2,502.00","433.24K","-0.87%"
"10-05-2022","2,650.50","2,640.00","2,679.00","2,610.80","301.34K","0.34%"
"09-05-2022","2,641.55","2,670.00","2,710.30","2,616.75","436.96K","-1.95%"
"06-05-2022","2,694.05","2,626.00","2,713.00","2,560.05","649.08K","0.03%"
"05-05-2022","2,693.15","2,719.00","2,723.95","2,670.55","226.45K","0.35%"
"04-05-2022","2,683.80","2,760.00","2,764.15","2,655.00","372.33K","-2.05%"
"02-05-2022","2,740.10","2,799.00","2,823.00","2,730.05","282.49K","-3.63%"
"29-04-2022","2,843.20","2,860.00","2,873.00","2,790.00","680.77K","1.61%"
"28-04-2022","2,798.05","2,808.00","2,837.70","2,746.05","602.02K","0.01%"
"27-04-2022","2,797.70","2,739.20","2,822.10","2,698.05","463.05K","1.09%"
"26-04-2022","2,767.50","2,846.45","2,846.45","2,746.70","448.58K","-0.98%"
"25-04-2022","2,794.85","2,880.00","2,885.00","2,784.05","442.41K","-3.49%"
"22-04-2022","2,895.85","2,890.00","2,940.00","2,866.00","356.85K","-0.17%"
"21-04-2022","2,900.75","2,929.00","2,929.00","2,861.10","438.42K","0.51%"
"20-04-2022","2,886.05","2,875.00","2,959.15","2,828.00","535.24K","1.02%"
"19-04-2022","2,857.05","2,916.90","2,975.00","2,827.50","667.02K","-0.79%"
"18-04-2022","2,879.90","2,975.00","3,005.55","2,824.20","1.22M","-5.60%"
"13-04-2022","3,050.80","3,075.00","3,088.00","3,037.35","224.31K","-0.21%"
"12-04-2022","3,057.30","3,109.50","3,121.10","3,041.00","423.87K","-2.30%"
"11-04-2022","3,129.20","3,175.95","3,178.15","3,112.05","336.45K","-1.01%"
"08-04-2022","3,161.15","3,185.00","3,216.00","3,125.05","430.97K","-0.12%"
"07-04-2022","3,165.00","3,186.00","3,208.40","3,151.10","446.89K","-1.02%"
"06-04-2022","3,197.75","3,310.00","3,334.60","3,186.00","707.83K","-3.63%"
"05-04-2022","3,318.25","3,350.00","3,367.95","3,310.00","399.79K","0.18%"
"04-04-2022","3,312.45","3,338.00","3,373.55","3,297.15","349.53K","-0.94%"
"01-04-2022","3,344.05","3,375.00","3,389.60","3,316.05","264.00K","-0.97%"
"31-03-2022","3,376.85","3,444.40","3,465.80","3,354.00","519.40K","-1.52%"
"30-03-2022","3,429.00","3,420.00","3,439.00","3,368.05","339.83K","1.51%"
"29-03-2022","3,378.05","3,350.00","3,404.95","3,335.00","366.80K","1.20%"
"28-03-2022","3,338.15","3,289.80","3,356.00","3,265.20","459.50K","1.80%"
"25-03-2022","3,279.15","3,333.25","3,370.00","3,267.05","468.98K","-1.62%"
"24-03-2022","3,333.25","3,248.00","3,347.30","3,232.00","551.26K","2.85%"
"23-03-2022","3,240.90","3,191.00","3,265.00","3,182.05","517.61K","1.70%"
"22-03-2022","3,186.65","3,103.90","3,199.00","3,095.55","655.29K","2.67%"
"21-03-2022","3,103.90","3,110.00","3,152.40","3,070.00","539.54K","-0.10%"
"17-03-2022","3,106.90","3,174.00","3,176.95","3,097.95","643.32K","0.29%"
"16-03-2022","3,098.00","3,260.00","3,269.65","3,023.10","1.33M","-2.80%"
"15-03-2022","3,187.20","3,318.00","3,339.55","3,145.05","917.78K","-3.80%"
"14-03-2022","3,313.15","3,299.00","3,359.90","3,262.20","412.31K","0.83%"
"11-03-2022","3,285.90","3,201.90","3,300.00","3,171.20","326.67K","2.62%"
"10-03-2022","3,201.90","3,250.00","3,285.00","3,181.10","557.31K","-0.39%"
"09-03-2022","3,214.45","3,201.15","3,267.10","3,190.35","612.71K","1.23%"
"08-03-2022","3,175.30","3,165.00","3,200.00","3,135.00","497.17K","1.56%"
"07-03-2022","3,126.40","3,135.00","3,189.90","3,100.00","826.64K","-1.91%"
"04-03-2022","3,187.15","3,126.80","3,218.00","3,092.10","543.61K","1.32%"
"03-03-2022","3,145.70","3,169.00","3,245.00","3,105.10","900.48K","-0.13%"
"02-03-2022","3,149.65","3,096.00","3,173.00","3,060.10","390.70K","1.32%"
"28-02-2022","3,108.70","3,008.00","3,132.65","2,975.00","546.70K","1.91%"
"25-02-2022","3,050.40","3,030.00","3,099.50","2,990.70","289.11K","3.34%"
"24-02-2022","2,951.95","2,986.00","3,063.95","2,930.00","432.60K","-5.03%"
"23-02-2022","3,108.40","3,130.00","3,169.00","3,098.05","429.37K","-0.45%"
"22-02-2022","3,122.35","2,961.00","3,145.50","2,959.40","841.10K","1.87%"
"21-02-2022","3,064.90","2,980.00","3,082.95","2,947.70","502.35K","1.42%"
"18-02-2022","3,021.95","2,952.00","3,043.35","2,952.00","219.54K","0.41%"
"17-02-2022","3,009.55","3,018.80","3,038.00","2,991.90","289.18K","0.69%"
"16-02-2022","2,988.95","3,000.00","3,050.00","2,966.15","476.40K","-0.17%"
"15-02-2022","2,993.90","2,950.00","3,007.20","2,863.45","653.34K","3.24%"
"14-02-2022","2,899.95","2,905.00","2,988.65","2,883.00","475.83K","-3.38%"
"11-02-2022","3,001.55","3,068.00","3,077.65","2,945.00","589.65K","-3.49%"
"10-02-2022","3,110.15","3,046.20","3,118.00","3,020.00","634.92K","2.64%"
"09-02-2022","3,030.25","2,997.30","3,069.95","2,993.60","384.11K","1.63%"
"08-02-2022","2,981.60","3,040.20","3,057.50","2,940.00","235.15K","-1.35%"
"07-02-2022","3,022.40","3,051.70","3,077.95","2,995.00","193.58K","-0.96%"
"04-02-2022","3,051.85","2,986.00","3,064.60","2,977.30","226.44K","1.26%"
"03-02-2022","3,013.75","3,129.00","3,129.95","2,990.30","302.24K","-3.64%"
"02-02-2022","3,127.70","3,113.10","3,187.05","3,113.10","342.51K","-0.61%"
"01-02-2022","3,146.95","3,140.00","3,194.95","3,110.05","339.79K","1.30%"
"31-01-2022","3,106.50","3,076.10","3,146.85","3,076.10","389.98K","2.21%"
"28-01-2022","3,039.30","2,989.45","3,110.00","2,974.30","474.40K","3.59%"
"27-01-2022","2,934.00","3,001.05","3,034.95","2,890.50","956.04K","-4.19%"
"25-01-2022","3,062.25","2,928.00","3,072.35","2,845.25","914.74K","3.90%"
"24-01-2022","2,947.35","3,025.95","3,060.00","2,845.25","1.19M","-2.55%"
"21-01-2022","3,024.60","3,026.00","3,200.00","2,920.00","1.64M","-0.87%"
"20-01-2022","3,051.05","3,089.75","3,128.65","3,005.20","551.86K","-1.20%"
"19-01-2022","3,088.25","3,200.00","3,200.00","3,058.05","858.71K","-3.54%"
"18-01-2022","3,201.50","3,290.00","3,319.50","3,175.90","607.43K","-2.53%"
"17-01-2022","3,284.65","3,265.00","3,300.00","3,202.10","624.02K","0.64%"
"14-01-2022","3,263.70","3,312.45","3,312.45","3,217.45","614.96K","-1.28%"
"13-01-2022","3,305.90","3,240.00","3,314.45","3,221.05","463.95K","2.75%"
"12-01-2022","3,217.45","3,240.00","3,243.95","3,180.00","478.89K","0.31%"
"11-01-2022","3,207.45","3,220.00","3,244.00","3,188.80","380.69K","0.20%"
"10-01-2022","3,200.95","3,250.05","3,279.00","3,180.00","763.57K","-1.21%"
"07-01-2022","3,240.20","3,289.10","3,289.10","3,220.00","365.54K","-0.52%"
"06-01-2022","3,257.15","3,298.00","3,298.00","3,225.00","674.96K","-1.70%"
"05-01-2022","3,313.55","3,380.00","3,390.00","3,295.00","483.65K","-2.42%"
"04-01-2022","3,395.90","3,449.80","3,470.00","3,370.00","314.08K","-0.78%"
"03-01-2022","3,422.65","3,392.00","3,479.00","3,390.05","548.86K","0.76%"
"31-12-2021","3,396.70","3,345.60","3,419.20","3,310.00","442.44K","1.53%"
"30-12-2021","3,345.60","3,307.85","3,359.00","3,285.80","552.96K","1.07%"
"29-12-2021","3,310.05","3,330.00","3,344.95","3,293.55","534.62K","-0.59%"
"28-12-2021","3,329.85","3,262.00","3,353.95","3,250.05","989.63K","3.08%"
"27-12-2021","3,230.35","3,205.00","3,238.95","3,155.05","444.76K","0.38%"
"24-12-2021","3,218.00","3,224.80","3,291.25","3,182.50","862.70K","0.99%"
"23-12-2021","3,186.40","3,194.80","3,220.00","3,156.70","345.68K","0.54%"
"22-12-2021","3,169.20","3,091.35","3,186.00","3,091.35","438.81K","2.00%"
"21-12-2021","3,107.20","3,125.00","3,182.00","3,072.00","613.45K","0.29%"
"20-12-2021","3,098.15","3,220.00","3,247.85","3,021.60","571.77K","-5.06%"
"17-12-2021","3,263.15","3,235.00","3,339.00","3,221.25","1.27M","1.65%"
"16-12-2021","3,210.20","3,225.10","3,262.00","3,181.05","397.56K","0.04%"
"15-12-2021","3,208.85","3,179.80","3,223.60","3,121.05","661.10K","0.67%"
"14-12-2021","3,187.60","3,230.00","3,230.00","3,130.00","567.04K","-1.13%"
"13-12-2021","3,223.95","3,153.65","3,267.00","3,150.00","621.10K","2.87%"
"10-12-2021","3,133.90","3,110.00","3,150.00","3,107.00","197.91K","0.03%"
"09-12-2021","3,132.95","3,145.05","3,162.60","3,102.90","278.29K","0.05%"
"08-12-2021","3,131.30","3,084.80","3,154.15","3,066.20","500.09K","2.77%"
"07-12-2021","3,047.00","3,056.00","3,083.15","2,990.75","447.61K","0.80%"
"06-12-2021","3,022.85","3,090.00","3,119.50","3,007.00","310.89K","-2.07%"
"03-12-2021","3,086.85","3,130.00","3,138.15","3,065.00","304.52K","-0.65%"
"02-12-2021","3,107.10","3,012.00","3,123.30","2,974.85","908.16K","3.17%"
"01-12-2021","3,011.60","2,867.80","3,029.70","2,851.00","988.53K","4.02%"
"30-11-2021","2,895.15","3,075.00","3,106.25","2,825.00","11.26M","-3.12%"
"29-11-2021","2,988.50","2,958.00","3,044.75","2,929.45","1.25M","-2.31%"
"26-11-2021","3,059.20","3,210.00","3,214.75","3,029.00","873.01K","-6.21%"
"25-11-2021","3,261.60","3,220.30","3,295.95","3,208.00","1.02M","1.54%"
"24-11-2021","3,212.15","3,324.40","3,350.00","3,198.55","702.67K","-2.39%"
"23-11-2021","3,290.95","3,247.70","3,329.25","3,152.00","762.50K","1.33%"
"22-11-2021","3,247.70","3,345.00","3,360.00","3,177.05","765.54K","-2.74%"
"18-11-2021","3,339.15","3,460.00","3,471.25","3,315.75","516.89K","-3.01%"
"17-11-2021","3,442.65","3,468.00","3,491.80","3,402.05","547.20K","-0.34%"
"16-11-2021","3,454.35","3,444.80","3,494.80","3,427.00","785.38K","0.92%"
"15-11-2021","3,422.75","3,390.00","3,444.90","3,375.00","488.35K","2.07%"
"12-11-2021","3,353.40","3,405.00","3,417.95","3,329.05","773.13K","0.15%"
"11-11-2021","3,348.25","3,364.80","3,379.40","3,293.75","357.09K","-0.44%"
"10-11-2021","3,363.10","3,352.00","3,394.95","3,324.95","296.94K","-0.30%"
"09-11-2021","3,373.10","3,385.15","3,462.00","3,365.00","625.24K","-0.36%"
"08-11-2021","3,385.15","3,354.10","3,407.90","3,290.00","519.40K","2.07%"
"04-11-2021","3,316.60","3,325.00","3,341.85","3,300.00","31.96K","0.52%"
"03-11-2021","3,299.35","3,400.00","3,445.30","3,284.50","425.74K","-2.60%"
"02-11-2021","3,387.55","3,320.95","3,454.45","3,320.90","502.04K","2.01%"
"01-11-2021","3,320.95","3,268.00","3,335.00","3,250.15","456.33K","2.63%"
"29-10-2021","3,235.80","3,273.00","3,316.85","3,212.00","436.16K","-1.07%"
"28-10-2021","3,270.90","3,385.05","3,390.00","3,255.00","529.35K","-2.41%"
"27-10-2021","3,351.60","3,250.25","3,366.00","3,240.00","751.00K","3.32%"
"26-10-2021","3,244.00","3,203.70","3,341.85","3,201.40","659.89K","1.26%"
"25-10-2021","3,203.70","3,294.00","3,303.95","3,105.00","791.79K","-1.57%"
"22-10-2021","3,254.70","3,200.00","3,519.20","3,085.00","2.69M","-4.17%"
"21-10-2021","3,396.45","3,470.15","3,503.85","3,283.30","1.18M","-2.12%"
"20-10-2021","3,470.15","3,572.15","3,595.90","3,367.60","986.75K","-2.15%"
"19-10-2021","3,546.45","3,411.00","3,659.75","3,411.00","2.08M","5.65%"
"18-10-2021","3,356.70","3,390.00","3,390.00","3,299.85","1.15M","2.76%"
"14-10-2021","3,266.60","3,225.00","3,455.00","3,224.90","2.14M","4.35%"
"13-10-2021","3,130.30","3,143.00","3,144.05","3,087.00","528.69K","0.22%"
"12-10-2021","3,123.50","3,126.00","3,154.95","3,061.00","794.57K","0.60%"
"11-10-2021","3,104.80","3,185.00","3,200.00","2,945.55","1.30M","-4.40%"
"08-10-2021","3,247.65","3,187.00","3,312.80","3,180.15","772.35K","1.93%"
"07-10-2021","3,186.20","3,141.65","3,259.00","3,125.00","740.16K","2.40%"
"06-10-2021","3,111.60","3,163.30","3,165.00","3,081.00","598.88K","-0.95%"
"05-10-2021","3,141.30","3,093.90","3,152.00","3,034.80","610.64K","1.69%"
"04-10-2021","3,089.10","3,058.50","3,099.00","3,040.00","550.12K","2.08%"
"01-10-2021","3,026.25","3,109.00","3,119.00","3,010.00","1.12M","-2.52%"
"30-09-2021","3,104.40","3,164.80","3,175.00","3,095.05","600.59K","-1.30%"
"29-09-2021","3,145.15","3,130.00","3,226.00","3,071.95","1.18M","-0.30%"
"28-09-2021","3,154.70","3,242.00","3,243.10","3,039.55","1.57M","-1.98%"
"27-09-2021","3,218.30","3,399.95","3,399.95","3,165.05","1.13M","-3.71%"
"24-09-2021","3,342.35","3,375.00","3,534.60","3,322.80","1.22M","0.11%"
"23-09-2021","3,338.60","3,284.00","3,394.00","3,255.00","853.12K","2.69%"
"22-09-2021","3,251.05","3,230.00","3,302.70","3,181.70","998.61K","1.69%"
"21-09-2021","3,196.95","3,102.00","3,217.80","3,073.10","849.98K","2.91%"
"20-09-2021","3,106.70","3,151.10","3,270.00","3,091.45","664.39K","-2.74%"
"17-09-2021","3,194.10","3,177.60","3,217.25","3,137.30","1.04M","0.61%"
"16-09-2021","3,174.80","3,205.00","3,233.10","3,143.40","888.63K","-0.53%"
"15-09-2021","3,191.80","3,060.50","3,206.95","3,046.25","1.07M","4.46%"
"14-09-2021","3,055.45","3,015.00","3,067.00","2,984.00","559.67K","1.84%"
"13-09-2021","3,000.20","2,975.00","3,015.00","2,860.00","681.25K","1.13%"
"09-09-2021","2,966.55","2,933.30","2,972.94","2,908.78","525.34K","1.19%"
"08-09-2021","2,931.62","2,969.97","2,969.97","2,906.55","489.57K","-0.61%"
"07-09-2021","2,949.60","3,023.48","3,051.23","2,935.29","989.20K","-1.63%"
"06-09-2021","2,998.41","2,943.21","3,007.43","2,904.61","888.95K","2.49%"
"03-09-2021","2,925.62","2,875.83","2,949.16","2,845.16","1.15M","2.20%"
"02-09-2021","2,862.55","2,833.22","2,883.75","2,786.04","867.75K","1.91%"
"01-09-2021","2,808.89","2,893.86","2,903.57","2,790.70","721.09K","-2.20%"
"31-08-2021","2,871.96","2,855.91","2,897.33","2,844.36","991.79K","1.15%"
"30-08-2021","2,839.21","2,883.75","2,910.41","2,827.27","688.58K","-1.03%"
"27-08-2021","2,868.69","2,735.11","2,883.75","2,715.54","1.19M","5.52%"
"26-08-2021","2,718.51","2,770.73","2,798.53","2,711.42","650.41K","-1.75%"
"25-08-2021","2,766.97","2,789.22","2,812.95","2,722.23","756.08K","-0.25%"
"24-08-2021","2,773.80","2,879.05","2,898.57","2,754.93","969.26K","-2.37%"
"23-08-2021","2,841.04","2,872.85","2,973.93","2,819.59","1.96M","0.66%"
"20-08-2021","2,822.31","2,818.30","2,883.75","2,748.09","664.08K","0.13%"
"18-08-2021","2,818.60","2,824.30","2,912.29","2,778.22","959.57K","0.10%"
"17-08-2021","2,815.92","2,736.89","2,829.25","2,704.19","794.59K","3.46%"
"16-08-2021","2,721.68","2,743.14","2,784.06","2,710.28","444.62K","-0.27%"
"13-08-2021","2,729.01","2,755.27","2,766.47","2,717.57","502.03K","-0.38%"
"12-08-2021","2,739.52","2,654.84","2,745.02","2,654.79","652.28K","3.42%"
"11-08-2021","2,648.89","2,703.35","2,718.26","2,614.21","507.50K","-1.31%"
"10-08-2021","2,684.17","2,677.63","2,734.02","2,656.82","590.97K","0.24%"
"09-08-2021","2,677.63","2,688.78","2,718.26","2,640.96","387.26K","0.27%"
"06-08-2021","2,670.35","2,645.92","2,690.41","2,634.03","376.00K","1.10%"
"05-08-2021","2,641.16","2,663.66","2,731.69","2,618.67","976.31K","-0.85%"
"04-08-2021","2,663.75","2,711.50","2,740.00","2,652.30","751.79K","-0.16%"
"03-08-2021","2,667.97","2,612.67","2,710.33","2,612.67","1.16M","2.49%"
"02-08-2021","2,603.11","2,595.88","2,621.00","2,578.53","321.21K","1.04%"
"30-07-2021","2,576.30","2,643.94","2,644.88","2,559.36","584.99K","-2.62%"
"29-07-2021","2,645.52","2,567.63","2,653.35","2,539.88","868.93K","3.16%"
"28-07-2021","2,564.36","2,571.60","2,604.74","2,520.41","547.21K","-0.34%"
"27-07-2021","2,573.18","2,576.55","2,593.35","2,539.93","517.71K","0.29%"
"26-07-2021","2,565.80","2,489.34","2,610.94","2,451.64","1.53M","2.33%"
"23-07-2021","2,507.33","2,541.87","2,652.86","2,449.75","6.35M","5.54%"
"22-07-2021","2,375.78","2,383.46","2,427.90","2,341.94","1.06M","1.22%"
"20-07-2021","2,347.14","2,323.90","2,381.63","2,246.36","733.34K","1.10%"
"19-07-2021","2,321.67","2,368.64","2,385.54","2,309.93","503.78K","-1.98%"
"16-07-2021","2,368.64","2,367.45","2,400.11","2,325.24","432.06K","0.05%"
"15-07-2021","2,367.45","2,354.07","2,385.64","2,310.87","885.49K","0.57%"
"14-07-2021","2,354.07","2,181.15","2,376.07","2,180.31","2.14M","8.42%"
"13-07-2021","2,171.19","2,207.91","2,220.79","2,145.57","405.62K","-1.09%"
"12-07-2021","2,195.12","2,236.74","2,236.74","2,188.09","273.01K","-0.64%"
"09-07-2021","2,209.19","2,157.37","2,248.54","2,157.37","1.37M","2.43%"
"08-07-2021","2,156.77","2,154.39","2,195.02","2,140.52","460.52K","0.12%"
"07-07-2021","2,154.09","2,119.56","2,165.69","2,086.06","477.90K","1.28%"
"06-07-2021","2,126.90","2,124.80","2,141.85","2,111.45","315.86K","1.52%"
"05-07-2021","2,095.13","2,158.50","2,185.01","2,085.02","768.60K","-1.89%"
"02-07-2021","2,135.51","2,141.51","2,179.56","2,092.06","666.54K","-0.78%"
"01-07-2021","2,152.21","2,117.68","2,164.30","2,090.97","533.96K","1.76%"
"30-06-2021","2,114.95","2,076.10","2,124.96","2,057.33","653.57K","2.30%"
"29-06-2021","2,067.33","2,036.42","2,075.11","2,012.29","480.77K","1.79%"
"28-06-2021","2,030.92","2,048.56","2,061.24","2,021.70","175.49K","-0.86%"
"25-06-2021","2,048.51","2,036.96","2,068.72","2,025.56","526.84K","0.88%"
"24-06-2021","2,030.62","1,971.90","2,054.60","1,971.90","1.03M","3.21%"
"23-06-2021","1,967.40","2,014.32","2,020.36","1,962.14","252.59K","-1.17%"
"22-06-2021","1,990.78","2,036.47","2,066.20","1,983.94","412.38K","-1.87%"
"21-06-2021","2,028.79","2,011.69","2,039.39","1,956.20","434.93K","0.71%"
"18-06-2021","2,014.52","2,040.83","2,080.96","1,975.62","1.09M","-0.33%"
"17-06-2021","2,021.16","2,079.57","2,114.31","2,001.29","851.84K","-2.82%"
"16-06-2021","2,079.82","2,031.51","2,090.97","2,012.68","1.04M","1.81%"
"15-06-2021","2,042.86","1,976.02","2,052.37","1,972.05","842.58K","3.34%"
"14-06-2021","1,976.76","1,999.80","2,018.63","1,956.69","557.04K","-0.75%"
"11-06-2021","1,991.62","1,962.14","2,050.34","1,947.53","1.89M","2.32%"
"10-06-2021","1,946.48","1,910.46","1,954.21","1,897.68","456.34K","2.40%"
"09-06-2021","1,900.95","1,932.41","1,952.03","1,893.77","452.59K","-0.74%"
"08-06-2021","1,915.07","1,955.21","1,965.81","1,899.07","531.92K","-1.65%"
"07-06-2021","1,947.18","1,901.69","1,956.20","1,896.74","521.07K","2.90%"
"04-06-2021","1,892.23","1,909.62","1,931.27","1,884.85","325.69K","-0.53%"
"03-06-2021","1,902.39","1,904.67","1,911.45","1,858.09","385.17K","0.63%"
"02-06-2021","1,890.40","1,932.41","1,937.37","1,886.08","490.51K","-2.17%"
"01-06-2021","1,932.41","1,932.41","1,941.13","1,888.07","230.03K","0.29%"
"31-05-2021","1,926.81","1,933.21","1,947.28","1,917.85","269.39K","0.43%"
"28-05-2021","1,918.64","1,961.15","1,977.01","1,903.68","827.51K","-1.66%"
"27-05-2021","1,950.99","1,902.58","1,991.82","1,899.17","1.11M","2.86%"
"26-05-2021","1,896.79","1,869.88","1,912.10","1,865.27","786.05K","1.79%"
"25-05-2021","1,863.44","1,813.49","1,896.49","1,812.26","1.06M","2.76%"
"24-05-2021","1,813.45","1,795.16","1,828.01","1,783.86","581.35K","2.46%"
"21-05-2021","1,769.94","1,770.83","1,823.21","1,732.28","799.24K","1.23%"
"20-05-2021","1,748.44","1,766.87","1,776.58","1,742.84","141.55K","-0.20%"
"19-05-2021","1,751.95","1,751.06","1,783.57","1,738.43","357.23K","0.16%"
"18-05-2021","1,749.23","1,768.90","1,773.86","1,729.36","492.21K","0.16%"
"17-05-2021","1,746.51","1,772.72","1,785.75","1,712.42","664.94K","-1.48%"
"14-05-2021","1,772.72","1,760.18","1,787.98","1,745.76","772.44K","-0.58%"
"12-05-2021","1,783.12","1,831.63","1,841.24","1,759.04","676.43K","-2.67%"
"11-05-2021","1,832.03","1,818.45","1,852.04","1,801.75","338.92K","0.26%"
"10-05-2021","1,827.32","1,828.36","1,847.88","1,813.49","408.51K","-0.12%"
"07-05-2021","1,829.55","1,835.30","1,866.46","1,810.08","632.38K","0.01%"
"06-05-2021","1,829.35","1,734.22","1,852.64","1,721.33","1.69M","5.66%"
"05-05-2021","1,731.39","1,731.24","1,762.86","1,720.34","207.03K","-0.44%"
"04-05-2021","1,739.12","1,773.86","1,780.05","1,732.73","238.61K","-1.73%"
"03-05-2021","1,769.69","1,748.09","1,775.34","1,734.22","293.53K","1.19%"
"30-04-2021","1,748.88","1,754.04","1,768.85","1,739.47","457.67K","-0.29%"
"29-04-2021","1,754.04","1,745.02","1,759.93","1,731.99","566.93K","1.21%"
"28-04-2021","1,733.13","1,701.51","1,743.14","1,692.45","389.82K","2.57%"
"27-04-2021","1,689.77","1,709.44","1,727.48","1,680.46","312.04K","-1.11%"
"26-04-2021","1,708.75","1,714.40","1,789.56","1,699.68","1.27M","1.64%"
"23-04-2021","1,681.20","1,628.28","1,699.48","1,628.28","606.41K","3.27%"
"22-04-2021","1,627.93","1,635.12","1,672.73","1,615.30","553.50K","-0.90%"
"20-04-2021","1,642.70","1,694.58","1,714.30","1,629.27","411.24K","-2.67%"
"19-04-2021","1,687.79","1,655.93","1,705.92","1,629.27","399.44K","-0.30%"
"16-04-2021","1,692.89","1,684.62","1,712.17","1,656.28","436.54K","0.49%"
"15-04-2021","1,684.62","1,638.09","1,721.04","1,626.20","663.23K","1.05%"
"13-04-2021","1,667.08","1,729.26","1,742.49","1,588.54","744.75K","-3.32%"
"12-04-2021","1,724.41","1,783.57","1,820.88","1,700.57","625.68K","-3.46%"
"09-04-2021","1,786.19","1,761.96","1,808.54","1,754.09","633.86K","2.39%"
"08-04-2021","1,744.47","1,729.36","1,808.54","1,729.36","1.02M","1.61%"
"07-04-2021","1,716.82","1,734.12","1,736.74","1,699.43","1.09M","-0.72%"
"06-04-2021","1,729.36","1,754.04","1,755.47","1,719.95","305.24K","-0.57%"
"05-04-2021","1,739.27","1,734.22","1,762.41","1,697.70","473.62K","0.42%"
"01-04-2021","1,732.04","1,768.90","1,792.69","1,722.32","423.75K","-1.62%"
"31-03-2021","1,760.48","1,763.95","1,794.91","1,695.82","1.13M","-0.13%"
"30-03-2021","1,762.81","1,628.18","1,782.53","1,622.24","845.09K","8.78%"
"26-03-2021","1,620.50","1,666.83","1,666.83","1,611.68","369.66K","-2.26%"
"25-03-2021","1,658.01","1,661.08","1,666.83","1,587.55","401.83K","0.04%"
"24-03-2021","1,657.37","1,661.43","1,670.74","1,636.06","326.97K","-0.24%"
"23-03-2021","1,661.43","1,662.37","1,692.05","1,652.96","263.31K","0.39%"
"22-03-2021","1,654.99","1,665.59","1,665.59","1,617.28","285.99K","0.23%"
"19-03-2021","1,651.27","1,620.25","1,670.69","1,608.61","473.54K","1.74%"
"18-03-2021","1,622.98","1,692.60","1,715.49","1,597.86","439.45K","-2.73%"
"17-03-2021","1,668.61","1,711.42","1,753.05","1,650.18","971.09K","-2.72%"
"16-03-2021","1,715.19","1,620.40","1,723.32","1,615.30","1.03M","6.29%"
"15-03-2021","1,613.76","1,605.39","1,630.36","1,600.39","342.89K","0.70%"
"12-03-2021","1,602.52","1,635.42","1,650.97","1,591.07","342.39K","-1.80%"
"10-03-2021","1,631.85","1,596.42","1,659.89","1,583.59","599.15K","3.38%"
"09-03-2021","1,578.53","1,613.22","1,613.22","1,561.04","319.54K","-1.19%"
"08-03-2021","1,597.51","1,635.12","1,644.43","1,585.57","205.58K","-1.39%"
"05-03-2021","1,619.96","1,653.01","1,659.89","1,607.67","401.54K","-3.12%"
"04-03-2021","1,672.08","1,669.80","1,700.52","1,657.91","154.95K","-0.51%"
"03-03-2021","1,680.70","1,694.53","1,731.99","1,646.86","512.30K","0.47%"
"02-03-2021","1,672.82","1,625.21","1,699.53","1,603.70","568.16K","2.97%"
"01-03-2021","1,624.52","1,644.93","1,649.98","1,610.39","121.38K","-0.46%"
"26-02-2021","1,632.05","1,605.39","1,651.47","1,595.97","230.40K","-0.29%"
"25-02-2021","1,636.80","1,679.66","1,684.62","1,607.42","870.25K","-2.52%"
"24-02-2021","1,679.07","1,733.87","1,733.87","1,609.60","227.17K","-2.90%"
"23-02-2021","1,729.26","1,699.53","1,771.68","1,694.63","711.69K","2.68%"
"22-02-2021","1,684.12","1,664.85","1,732.23","1,626.05","538.83K","0.64%"
"19-02-2021","1,673.37","1,684.67","1,687.64","1,640.07","125.27K","-0.32%"
"18-02-2021","1,678.82","1,642.95","1,694.58","1,635.12","302.75K","2.99%"
"17-02-2021","1,630.06","1,661.48","1,674.76","1,611.33","234.83K","-2.30%"
"16-02-2021","1,668.42","1,669.56","1,679.71","1,655.19","230.89K","0.77%"
"15-02-2021","1,655.73","1,645.03","1,668.76","1,621.69","280.53K","1.48%"
"12-02-2021","1,631.60","1,623.23","1,645.03","1,613.32","75.90K","0.89%"
"11-02-2021","1,617.18","1,625.21","1,645.03","1,596.47","231.60K","-0.44%"
"10-02-2021","1,624.37","1,637.30","1,650.88","1,611.24","309.64K","-0.49%"
"09-02-2021","1,632.34","1,619.76","1,659.79","1,610.49","329.03K","0.93%"
"08-02-2021","1,617.38","1,575.66","1,624.91","1,563.37","378.48K","3.65%"
"05-02-2021","1,560.40","1,582.60","1,596.42","1,541.97","573.79K","-0.94%"
"04-02-2021","1,575.16","1,589.58","1,599.15","1,561.14","214.31K","-0.10%"
"03-02-2021","1,576.70","1,564.61","1,595.43","1,521.11","550.67K","1.16%"
"02-02-2021","1,558.61","1,525.91","1,576.30","1,518.33","405.56K","2.80%"
"01-02-2021","1,516.15","1,521.16","1,544.89","1,497.37","265.11K","-0.09%"
"29-01-2021","1,517.54","1,557.82","1,590.08","1,498.36","400.40K","-1.55%"
"28-01-2021","1,541.47","1,536.02","1,572.24","1,520.17","406.02K","-1.91%"
"27-01-2021","1,571.50","1,576.75","1,590.53","1,531.21","349.54K","-0.33%"
"25-01-2021","1,576.75","1,605.34","1,605.34","1,528.24","204.14K","-0.50%"
"22-01-2021","1,584.63","1,544.99","1,601.43","1,523.14","920.37K","-0.10%"
"21-01-2021","1,586.21","1,652.36","1,652.36","1,575.66","345.09K","-2.82%"
"20-01-2021","1,632.24","1,613.32","1,660.88","1,607.02","301.34K","1.87%"
"19-01-2021","1,602.22","1,620.25","1,649.98","1,576.85","194.32K","-1.11%"
"18-01-2021","1,620.25","1,652.26","1,652.66","1,605.49","465.53K","-1.95%"