rsi,macd,sma_ratio,volume_change,volatility,target
57.35444912840377,0.0,0.9768114398580173,2.012138837959158,0.021114347163959112,0.02652404082300941
57.35444912840377,3.8769230769232763,0.9768114398580173,2.012138837959158,0.021114347163959112,-0.016853633898665565
57.35444912840377,4.3414420337499,0.9768114398580173,1.0183657620217033,0.021114347163959112,-0.01879191001514169
57.35444912840377,1.8838264924174837,0.9768114398580173,-0.03631409823109155,0.021114347163959112,0.03182782661412542
57.35444912840377,4.543713729351566,0.9768114398580173,-0.30895984633480456,0.021114347163959112,-0.023475056083751777
57.35444912840377,3.06990784684308,0.9768114398580173,0.3894094131609358,0.021114347163959112,0.02723916313414465
57.35444912840377,5.85288149619555,0.9768114398580173,-0.43100871031188537,0.021114347163959112,-0.013072069433721079
57.35444912840377,6.008169893879995,0.9768114398580173,0.7844783312922214,0.021114347163959112,0.0026975991367683694
57.35444912840377,6.460225819201014,0.9768114398580173,-0.32160370153086637,0.021114347163959112,-0.01337099811676079
57.35444912840377,4.758443700074167,0.9768114398580173,0.06154649436258919,0.021114347163959112,0.0035448422545196756
57.35444912840377,3.88942986087136,0.9768114398580173,-0.11186768932814828,0.021114347163959112,-0.0073363584490394596
57.35444912840377,2.0873314984089575,0.9768114398580173,-0.30210622869109227,0.01912080098111381,0.0037226617031176357
57.35444912840377,1.1940939608853114,0.9768114398580173,-0.08984500929944206,0.01853364076200105,-0.007554064741334687
57.35444912840377,-0.6241872318853439,0.9768114398580173,76.97940166748405,0.01763370124525285,0.0424543855792483
57.35444912840377,4.120739893230166,0.9768114398580173,-0.7299091544374563,0.01990985896676886,-0.013522418746869769
48.83385429189709,5.745161545178689,0.9768114398580173,-0.5769728331177232,0.01873776598347017,-0.01466973065412569
49.33802987975221,4.762641055449649,0.9768114398580173,-0.015290519877675823,0.01720923336316867,-0.021911864406779724
48.67002156721781,0.7157929104432696,0.9768114398580173,-0.5838509316770186,0.01806350847908288,-0.024870380125876834
35.94213649851632,-6.040749572515779,0.9768114398580173,0.8283582089552239,0.019231967030953073,0.04182541939152684
50.43778801843317,-5.398260069734079,0.9768114398580173,-0.3795918367346939,0.024003448979290843,-0.005185447995414982
42.951485902971804,-5.591201227728561,0.9768114398580173,-0.6563947368421053,0.02402574767478231,-0.0002743408959973159
45.74597592317056,-5.71853459963063,0.9768114398580173,-0.14645400934364705,0.02391268653455687,0.0007409236848605616
45.20491803278689,-5.645436419785938,0.9768114398580173,-0.2422889701428924,0.02387969699421678,-0.04576615114621041
38.96608572774376,-12.180810365266098,0.9768114398580173,3.440760258156196,0.027890541369382935,0.014828012299203941
41.619734174363586,-15.104185275653435,0.9768114398580173,-0.61294,0.023838776756167253,-0.02035962055783669
39.6161681140774,-20.090257524240087,0.9768114398580173,1.755817358204585,0.024146499701278242,0.057810151462596826
49.673845054061296,-15.790567604765329,0.9768114398580173,0.13749999999999996,0.03152685288179738,-0.002322658214012452
50.54095826893355,-12.58094652705995,0.9768114398580173,-0.3571428571428571,0.030631803758759422,0.0025471775629262172
43.018749345344105,-9.551973357609086,0.9768114398580173,-0.6269059829059829,0.02918803982056596,0.012648890831602921
48.12045909234494,-5.223268186585301,0.9768114398580173,0.8124942728855493,0.026349819296058664,0.014379367092022699
53.82343634637696,0.35361783842290606,0.9768114398580173,0.043314500941619594,0.026526767902845704,0.01460106382978732
61.288223812622,6.90868674304852,0.9768114398580173,0.08354129818525435,0.026712815360490024,-0.0025164486618259874
67.1179194869968,11.582787033076556,0.9768114398580173,-0.22533038169987252,0.02678906306229223,0.0073056000840932
61.690647482014384,16.221665755655977,0.9768114398580173,0.8762267636531578,0.02013672584666621,-0.05875140225926789
47.9978471474704,10.688916427128333,0.9768114398580173,-0.17692307692307696,0.029430844707265928,-0.002965714127331709
47.50186428038777,5.805549671989638,0.9768114398580173,-0.01869158878504673,0.028424243169259733,-0.014789280551540052
44.8038819247877,-0.20854735465150043,0.9768114398580173,-0.4574190476190476,0.02170919446277136,0.02562076749435671
58.48209396561166,-1.2964177048158945,0.9768114398580173,-0.04209159045830335,0.023526450278395724,0.0037691207219103795
56.68418647166362,-1.587525042354173,0.9768114398580173,-0.42753742693273233,0.023545423778674072,-0.0155680416609566
57.67933961167305,-4.0630362037604755,0.9768114398580173,0.03956339425754618,0.023542617379830315,-0.004677450789319693
43.74353671147881,-6.626322313651599,0.9768114398580173,0.32404470856298295,0.02274712230637104,-0.01188844443201209
41.65142776761852,-10.254237957427677,0.9768114398580173,0.23611078812120656,0.0217580355433538,-0.007700147208696717
39.35236004390777,-14.064664881099361,0.9768114398580173,-0.36917259284343606,0.0216891798317563,0.007189318726463556
37.54415712872688,-15.884632814105771,0.9768114398580173,-0.4264710268110107,0.021680112774968986,0.007138001359619173
34.96174220129487,-16.12438395461959,0.9768114398580173,0.3372679527845668,0.012677243876593896,0.008043649454381852
32.343486912597555,-14.987728763231644,0.9768114398580173,-0.13073064509857302,0.012998892822421743,0.0025110205903688954
33.752106633981896,-13.567412259856837,0.9768114398580173,-0.05180049205994186,0.01196428825445539,0.005287765779806275
32.846715328467155,-11.542179532028968,0.9768114398580173,0.09043732603670329,0.008674381976473347,-0.0037096506284257647
48.947003008562845,-10.358396858864353,0.9768114398580173,-0.43609933373712906,0.008578709932880927,-0.02720351228187179
40.72790294627385,-13.217730697737125,0.9768114398580173,6.5339113088844565,0.011132308391770726,-0.02696449484418295
37.73416592328278,-19.072562272948062,0.9735686209834804,-0.46327280874161125,0.013578624844320009,0.31554381329810655
77.40515343778324,19.431174382062864,0.9957147065619854,1.2957973626790626,0.10190522048687684,-0.02664345963315029
71.61728170635644,44.61408857750371,1.0154827206552302,-0.465099173553719,0.10281488342788751,0.12590554791380093
80.79059131002941,85.74128245054135,1.0458334349205318,-0.1744820233919936,0.10714876059769994,0.033230167779768616
82.75304704905858,123.49573596986647,1.0792009704115912,0.38418491484184925,0.10663040886119708,-0.0557701403121551
74.88535736875394,140.3803279183992,1.1049245223096804,0.7036926862906825,0.11062975070385762,-0.26244938848770705
50.381659086677836,101.85252585051603,1.1046515984951812,-0.6557301587301587,0.14534887328169954,0.008545799258609321
50.44755504794284,71.71077179903432,1.1042088645060302,-0.2380930425561344,0.14534646042276556,0.007547487444235612
50.46991982158977,48.35115512851144,1.104745628786299,0.7225113464447805,0.1452888568504799,0.012030075187969835
50.66116576748123,31.221527764101666,1.1085151990872397,-0.046566776159778,0.14472600909199682,-0.015409168455230882
49.80408547097853,15.211460424303596,1.1137278169359754,3.4953756586462283,0.144416401263843,-0.0037169526577608414
49.38129496402878,1.9641260649254946,1.089661535191742,-0.5929385245901639,0.09835250706058506,-0.02070184296894728
48.613149965232175,-11.38081254786266,1.0672975730197283,0.0470887911158544,0.09831023192297646,-0.024662713757841348
48.76133398775542,-25.140740947649647,1.0281333995299895,0.26923076923076916,0.08454454096174671,0.001527165932452279
50.048917210925715,-35.42740005349265,0.9854080695445195,-0.289719696969697,0.08238797144248755,0.00011729517330372197
30.224569697865093,-43.06706288509622,0.9498940038467476,-0.41479569525475435,0.08274034701223981,-0.03609335600774055
30.183320423444343,-53.4717324781177,0.945283270038107,1.8067873220697321,0.016215132480999327,-0.011771863117870707
12.228483140961544,-62.55776441022181,0.9385699762792274,-0.16233766233766234,0.015285708850898616,0.015451859147993074
7.477486108449867,-66.96126219850589,0.9317553244906213,-0.4758527131782946,0.016406281766560275,-0.016671718702637173
8.3942783394278,-71.84193696484226,0.9232701521332497,-0.4942246542926866,0.014890607521303844,0.03424784217016019
37.464946719012865,-70.41577688758616,0.9186504887488052,0.8676530791274344,0.020537490885173423,0.08411075675836788
53.7919602154994,-57.24011555198581,0.9206572549925722,-0.02267105057147334,0.035244245165718245,-0.07601792538421359
40.525189331577224,-57.29348498361537,0.9185384948743728,0.040867002018519116,0.04282559749116498,0.023089740537967085
42.162984309958375,-53.58722473792773,0.9196582941677118,0.5140904683483909,0.04280107887335511,0.07765239646347144
54.355567730447895,-39.42320631480584,0.9268362521748141,-0.133712833545108,0.04905954778705286,0.14627300696281087
67.1577253758359,-6.258539956920686,0.945593167688371,0.3024958636955679,0.06512389295894852,0.15689598342515443
77.55568467944994,46.3765523742652,0.9830574299723287,-0.587,0.07339791506758954,-0.03028206276201717
75.71666288480448,81.15132212235335,1.0178338477970283,0.48862421743777684,0.07515420839143025,-0.24482686253934938
52.47267185200758,60.940656573164915,1.0262015877247137,0.714461556496637,0.1180162137491571,0.003946198310360138
52.64439440749856,44.97799089704108,1.036609841329807,0.1367521367521367,0.11757200257085694,0.020816032774179316
55.306907066154054,34.958489402675696,1.0459418950098938,0.4962406015037595,0.11743616984329841,-0.01781549975595209
54.9137817559563,24.089552455207922,1.0466171692538522,-0.35678391959798994,0.11528736381672136,0.0358355650037272
55.839199608055495,20.47668672764553,1.0574293233794048,-0.078125,0.11182262957417011,-0.012100535728564177
55.97776916117358,15.601915155023562,1.0653601486360151,-0.13559322033898302,0.11216841347667453,-0.02986645082962358
53.11134665598098,7.189465459607391,1.0624815416718445,0.2843137254901962,0.11049124988073641,-0.0018910951665832565
49.32780360174799,0.2453585420064428,1.0448183943168703,-0.25297709923664125,0.09839999382274676,0.01774867651156309
54.31817509393768,-2.6572364338005627,1.010305808523153,0.2977723278152462,0.07999010815981328,-0.05658827716483694
50.10829296095753,-13.14551185434675,0.9758379017822064,0.22047244094488194,0.08058266285938653,0.004004643064422497
46.22826954972665,-20.662587903442954,0.9730964196262472,17.825806451612902,0.026867558284584113,0.05708422452164874
39.86535224813659,-18.439070985744365,0.9739563109279767,-0.991561000685401,0.0330640920017663,-0.015721980696141946
21.46455872133427,-18.780314756940697,0.9714563727886996,13.375634517766498,0.03273694578534341,-0.05814211900661148
20.91497735833086,-27.18179845509235,0.9659587860315053,-0.7353841807909605,0.037103626103129686,-0.025276507889691713
38.54914196567863,-36.872627011136046,0.9549429794203693,-0.045999957298716865,0.03438740855924349,0.10282014040183962
50.995272455834794,-30.49167927571557,0.952686342411004,0.3428075868628657,0.05002515810008496,0.14794490479064937
61.97142305464375,-3.6383250183268956,0.9652680498620942,-0.008333333333333304,0.06713496653975742,0.20230412543620613
74.68358868281737,51.20163430034904,0.9962474267040538,-0.10084033613445376,0.08837680837983133,-0.0029819887877221563
73.07397260273973,92.98562938705709,1.0248008581106431,0.01869158878504673,0.08913455893118478,-0.0319827723719891
70.12795793163892,118.26499158448291,1.0551378722809188,0.11926605504587151,0.08661258345159621,-0.017384856224767375
70.78055339324888,133.35662872965145,1.0829181634119263,-0.5538196721311475,0.0878014988242106,-0.3105609592487002
46.51119533120975,84.56965921398978,1.0744839166106535,0.35712973509203816,0.13961346989666973,-0.028033689075374846
44.73368134152538,41.705000371645156,1.0651101218700532,0.278352329642364,0.13981285953918918,-0.01138674257828376
46.56536269866076,6.194455690359291,1.0664606321508758,1.3190063216747672,0.13850727450270384,0.022244723602189653
47.281525761457445,-18.893799609113557,1.0708931788331002,-0.6072785388127854,0.138261624429605,0.009440970717513819
45.10695055080768,-37.11800191372504,1.070088208961534,0.37199730251377816,0.13418672358988096,0.04112109410934961
47.52012023659458,-45.624507971027924,1.058499145984073,0.6016949152542372,0.12484703806120226,0.03616870876531575
51.57847822319063,-46.871206358133804,1.0247158264481908,-0.4285714285714286,0.10202124625824584,-0.010488914155770357
52.20932855460036,-48.785614423722336,0.9832903381256264,-0.5076666666666667,0.10183323092048548,-0.01829881359340435
46.9411384565674,-52.27028610560819,0.944954303226263,0.9183028661701647,0.1018968344784712,0.028940129923333613
39.804490606384604,-50.46003986086794,0.9111923949676617,2.176470588235294,0.10350957505391989,-0.028723374001080715
18.060994422688964,-52.49520260517829,0.9157255527556273,-0.7860586419753086,0.026745888157020163,0.08034433285509324
26.22421524663676,-42.54673805892389,0.9286003457766052,0.6590446787945237,0.03340737166372939,-0.07155053256362309
25.2844937912905,-44.797408422298076,0.936541147076417,-0.342304347826087,0.04277793196112834,-0.043115275710073786
24.742756566477112,-51.94141046286427,0.9389245132839019,-0.07454220929463873,0.04542694989026113,0.11616839536302637
59.97734261207315,-41.758034164585524,0.9484660121768258,0.48577796191265343,0.05805219795552604,0.12829342953973977
70.87722443856741,-14.581223285141277,0.9646703419633296,-0.3707403846153846,0.06836384113683816,0.06060752870500452
74.91307726919459,16.856804877216973,0.9828664374052624,-0.48785966413520165,0.06936509853040906,0.1325141604238993
79.24253706085427,64.43751862405361,1.0136235172305614,1.4881549110872418,0.07585237201708285,-0.033961198725446784
74.72271624898949,94.26471579181384,1.0417743020580505,-0.12030985814157058,0.0773037255937291,-0.009310675963425163
72.4841824841825,114.78044330738885,1.066221473500503,-0.1420528898582334,0.07867832416002232,-0.30297538772757926
47.566002779064384,72.1978316081113,1.0630317990340241,0.8589427858720349,0.13221626296356637,-0.010641513997218799
47.584736927461016,36.60863062881276,1.0525035756332057,-0.25014529914529915,0.12961393822211104,0.015522825887673397
48.907840312311194,10.334371962652313,1.0515475127835487,0.6413436221262239,0.12743314339232714,0.017151110308720074
48.40549102428722,-8.09513977821598,1.0541411140897161,-0.7965486111111111,0.12630862888425326,0.007987220447284393
49.90567164179104,-21.365040546380897,1.0476779708527577,0.582004983445404,0.12084704832077535,0.010389153019897845
46.87349626440421,-30.10624438985633,1.031016230486333,4.0703374471390354,0.11245591533611385,-0.001336121761357112
50.169418015234065,-36.79515059896244,1.010487923359321,-0.7951021276595744,0.1097296624609468,-0.029899365947297918
50.787552823664996,-45.71671357647915,0.975575151875645,2.5097921123133475,0.09625665934934705,-0.0038376206751814523
44.86905561321042,-52.696095241753255,0.9435751950348201,-0.7650828402366864,0.09671808761961422,0.00920965508938787
36.343131035455,-56.343233637717276,0.9072117605426447,0.5058310873781517,0.09734833763716286,0.018489800787307553
31.82092707232374,-56.08565564438163,0.9110846578159302,1.0741682418078717,0.01508543730806974,0.07832630592644652
22.69634068050503,-44.575181083855114,0.9222001070901233,-0.45682258064516124,0.02726528504479708,-0.0669345860374182
21.96222976890583,-44.880932569666356,0.9261817892413364,-0.24779523116667157,0.0369111995050144,0.005878586811012276
23.031545477365924,-43.8033198298358,0.9297265435205108,0.006099005210800534,0.03663449450767232,0.061914130308992066
65.54355281207131,-33.924240676637055,0.9370408437221185,2.099680222863084,0.04116712950939211,0.19349389712292941
80.08580427935266,2.529445163352193,0.9583934395595552,-0.8436518987341772,0.07166400945104047,0.16043464365611992
85.29317397930535,59.09310848341943,0.9947913959990934,1.2674169129255555,0.0821640470046637,-0.09135617893535819
71.34928295642581,84.21286625858988,1.023875513673988,1.017424837534814,0.09011227571889861,-0.23424983762719198
51.63810101622932,59.77720222194466,1.0290900857706036,-0.529,0.12449001755931854,0.017755159739892612
51.970777264510936,42.45607282318315,1.0348868778280544,0.2733216842342596,0.12448646701085418,0.02005666981498977
52.88584970869952,31.28132958685228,1.0416406062448134,-0.05900841080123953,0.12449320726488823,0.010675381263616446
54.71258025682182,23.733239249706003,1.0417813753982554,0.5240783428204043,0.12246292264898807,0.02096356973485669
55.754898573614334,20.652162897244352,1.0489418424777013,0.27582517079595026,0.11962708641807514,-0.005911850092372717
55.111275964391695,17.109414610874182,1.0545901108049083,-0.5509354838709677,0.11980199782194727,0.014177242075080976
55.01561183525797,16.268692567582775,1.0575688925241702,0.10150132892751951,0.11868753343361549,-0.029162303664921452
50.333823112417186,10.981304156826354,1.0424129850649688,0.6071312116864485,0.09997532104384717,0.014992180337593641
54.44637241080142,8.931284129517735,1.0142382199875475,-0.30431651027136697,0.0809207400432913,0.0038255140534508847
54.37462662249497,7.797721041119075,0.9983927669135749,0.2959301223442261,0.07794933215730827,-0.0032287090456782908
51.378993334865555,6.334129207859405,1.010470105804085,-0.16710738036029749,0.015619534985500188,-0.00010620220900592336
38.91014074341391,5.099302225016572,1.020505465877139,-0.251796811672521,0.015194031584224903,-0.006744556558683001
17.930836836071848,3.0606280678032363,1.0198657323573739,0.5103463219096458,0.014518937739951917,-0.012350959739079292
22.406589471171074,-0.41423775984594613,1.0166660717202498,1.8811897759605958,0.014804162441257818,-0.02492962321351233
54.76294675419403,-6.805494601909004,1.009204532823691,-0.8359502074688796,0.014572871409609299,0.013768980928851038
53.87475829242897,-9.756986491252974,1.0038281834190292,1.1947339133953867,0.015712061041385148,-0.05933897423259138
35.50440744368265,-20.60152302573897,0.9925401230583883,-0.15941962176303148,0.02251895617472585,0.013448998602701545
36.05243991260018,-27.020444549615604,0.9859731138805532,-0.28913597850228967,0.022590379661141254,0.06916757626242309
46.615322253749476,-22.13703042103316,0.9837642252323079,0.18561592316148823,0.03251685080082131,0.1645263553812264
68.0111618467783,6.367490966557398,0.9941364790756922,-0.3867226261936134,0.06164093630876709,0.1446500253771974
76.54389880952381,53.63607620223024,1.01768088726254,0.886604774535809,0.07330444676777344,-0.05135440180586914
71.7586537623158,79.89566775493995,1.036080937122313,0.14752899824253074,0.07733967868141906,-0.17506586215687936
51.936516230161324,66.69283301412929,1.037272019681081,-0.5122767036683085,0.1000259146251686,-0.001030184403008172
51.64165410577364,55.429155276865686,1.0410830018607269,1.6628482427713718,0.09983069477963973,0.0031968650097966567
52.0445609436435,46.467252146225064,1.0461104066596587,0.24528301886792447,0.09915041227446356,-0.007606907894736836
51.55134363235103,37.73564995388574,1.0483974136387064,-0.6694848484848485,0.09934298969523471,-0.011808576755748867
51.215580060617796,28.645811769529928,1.0574713243369445,0.23141102044558548,0.09675710221068892,0.05146750524109023
54.88990035674745,29.031313912618316,1.0719709407857954,21.80172734718189,0.09744207937743053,-0.0032898016149935927
56.25492482743403,28.47600859552108,1.0813419153705124,-0.9286416326530612,0.0959477690599616,0.03590718143628746
57.51369883980775,33.44406273630784,1.0809382497358933,1.2193241357219669,0.08051521522226404,0.026310707733899763
62.9249762583096,41.30286227411739,1.0653075566733379,-0.04123711340206182,0.06356015822928539,4.703890117130349e-05
62.37712817218117,46.99733071799528,1.0560739716056953,-0.6648010752688172,0.062207225349451584,0.03085606773283156
61.00419524538856,56.15627516014456,1.0632498276016915,2.015381654289701,0.021764283032130963,0.012821682788830113
52.14122262177181,64.9337242226818,1.071405640477134,0.06382978723404253,0.02124889135690035,-0.1742127314501959
25.023133867982708,40.22279429478135,1.0636256816292926,-0.5370550000000001,0.06337638626749956,0.03557010365521007
31.56487931313785,25.60513928808132,1.0596300581040152,2.132121526315221,0.06455936532507998,-0.09630175956168996
38.760692261786346,-0.7215720623312336,1.0494882009910014,-0.8958344827586207,0.07148728369911826,-0.07706657339396061
34.31666079605495,-31.88555876636019,1.0289757359774463,3.5352224576271185,0.07114492991352445,0.12146286003031825
43.565105545887874,-40.59824853428745,1.0167113019434686,-0.5778613138686131,0.08430374054073857,0.18344128414531102
55.21866960676222,-20.980005491674774,1.0136888947824523,-0.3103072640188128,0.10362607508300749,0.018560822387207354
57.0414847161572,-2.2593876606626964,1.0094215773139923,0.009953117557098823,0.10348862184362181,0.14680870946640523
62.01737451737452,37.497898533556736,1.0181844957014887,2.152616423393903,0.11262934460430553,-0.05223272490221653
58.220902134514695,57.99266237764823,1.0186230119270403,-0.5229606299212599,0.1147992969297489,-0.07626171438397367
51.84990439770555,59.23736154464132,1.011858992866977,0.4052720190149215,0.11812672936168005,0.0016288160833954901
50.64674179323862,59.816685831662426,1.0235303966650564,-0.586971586971587,0.10060868640552112,-0.007666217534730291
50.23816467386021,58.27266143167435,1.0312731977454932,0.03870435672847239,0.10082081639467523,-0.00014046259013023032
48.59193815571508,56.37494816750541,1.0492078275848256,0.36052019164955507,0.09319156803908198,-0.007117771013814056
47.48888439773646,53.0331506167463,1.076857549457818,-0.06689070895297122,0.08702955928194761,0.006131207847946074
59.35222672064777,50.847603810689634,1.0992859270470225,-0.35771744053138954,0.08144421085913295,-0.008625134767730747
56.951305575158784,47.0880146741988,1.1021335161677372,1.4607481028809346,0.05832956079309863,0.001040238309139907
64.5744140483274,43.78135065359538,1.0971127606814592,-0.6380891302568021,0.0580429017619856,-0.01058051107647262
70.16478751084128,38.90483211148603,1.0758557197582905,-0.12770048637032005,0.026905258057641143,0.002148278989831498
64.97917630726515,34.99981237494467,1.061686196615697,0.16640733056708168,0.023964529535542987,-0.02343749999999989
46.81592039800996,27.616679391900107,1.0547018348623853,0.3360260876009782,0.008652027185869451,0.024731707317073193
47.57876670344489,25.561897944877728,1.0499700456381076,-0.17046652243856442,0.01266997812576907,-0.006664445184938361
14.335596508244365,22.543913643708038,1.0454108468004641,0.20402567874816113,0.012627176439876712,0.03119758470311984
30.725022104332467,25.115647725199324,1.0437138492084723,1.3485420716467647,0.016503144217803165,-0.1581931406264523
22.586935326616825,-0.3100950625234873,1.0288486794827956,-0.6575776566435303,0.05313486160516631,-0.12103897537816055
16.302713108343852,-37.717043456750616,1.00491756590925,0.29296591733139965,0.0621712711805059,0.08852809094620473
28.929468396818734,-55.350783156424086,0.9874744069608087,-0.1410944635846486,0.0721429129037513,0.185794241532514
46.85273624050732,-42.849003340995296,0.9827062270006485,0.043749999999999956,0.0967883591581592,0.03172595007542234
50.0,-27.364714273739082,0.9816631474677385,-0.35344236899335657,0.09713784089788194,0.2061500731028627
62.10745689162955,19.947075898883213,0.9975831863039347,2.4733446988895547,0.11595874781665817,-0.03268945022288261
59.878344159418695,50.11845479881367,1.012205715739941,1.2949775808548458,0.11643189412424501,-0.08036219581211101
53.921617325650715,57.32715958025392,1.0160236206280064,-0.5236184971098266,0.12110348511148548,-0.012439560439560515
53.764053291070276,60.06415438531121,1.0196381034903508,-0.03120828985366564,0.12122903945078574,-0.0026705835224997143
53.5014352172622,61.0453992680732,1.0187801177703473,-0.5064126650134015,0.12116415632829325,0.08153701968134963
58.66719279513486,75.69286578000265,1.0414575653630893,7.449846481768125,0.10696727348248501,0.06515639184616662
60.626630699155356,98.90221571635766,1.0814219249546486,-0.08408408408408408,0.09206029369809243,-0.036105838143571156
58.57509079256569,108.524330729555,1.1139752332829884,-0.39016393442622954,0.09511298461652289,-0.015835376391624134
56.41308104371867,111.68326037545512,1.1330088801139497,-0.48396774193548386,0.0812816266405836,-0.033527994446032605
63.49866277656211,106.33617379745147,1.1445633513870321,-0.2760100852243129,0.08287913318541118,0.044705484661539785
72.65124417796761,109.37493874291931,1.1348036146713127,0.9571161318175276,0.05078261858516172,0.00808930593755064
70.83584874595246,112.10474103645811,1.1297783481046424,0.03676470588235303,0.04968985439960666,-0.020462205103514708
62.45245309780156,108.89755205234769,1.1323222063198795,-0.1063829787234043,0.041635140383294876,0.007782419922994999
61.299754136487465,106.65946892174998,1.1366875191753225,-0.5277222222222222,0.04102712582394185,-0.27428466915948635
27.854130203999674,49.85630443000855,1.1167707763340284,-0.2517014804980927,0.09908274302604798,-0.10808994427487328
26.208795658864517,-10.611773783521585,1.0822184509697408,-0.3955175279031642,0.09616929347754202,0.08888260965118833
34.931468687318926,-46.57437895043495,1.0451749627446925,1.0808782553776424,0.09919440009755952,0.12577129346635152
42.58036884006854,-56.82115645784097,1.0211798206831846,3.659798968059845,0.11126565690332953,0.07109927261551063
46.4650042504959,-53.12935927466515,1.0047119801543478,-0.8495747126436781,0.11476834186656154,0.21104734576757544
52.291666666666664,-14.428043996967062,1.008645479198205,0.8449097068337537,0.13349371054794634,-0.04876989298266399
46.31662111376837,6.206069613730506,1.0036291055102537,0.7947620559689643,0.13448686360168732,-0.052640318830953214
45.66141798585383,12.186573786058034,0.9932253464921391,-0.13076923076923075,0.13575259494633296,0.1172655565293601
51.93785050318814,38.08028419131642,0.9916420825109638,-0.7329823008849558,0.14035085628284721,0.020983683715092516
54.59258971570607,62.201222153370054,0.9917755847027258,2.1262718324329697,0.1403499848897927,0.018362721370673407
53.54616973935155,84.20365249796077,1.022820634018135,0.08132175682981901,0.09716564711870188,0.026368403183824496
54.44929286632642,106.05850644317616,1.0632980735722646,0.2058823529411764,0.08181067245729001,0.032527197882975534
57.063589586053304,129.0324403724112,1.1016012176723704,0.08130081300813008,0.0813743378293217,-0.031182145018332053
54.888132295719835,138.57347190816608,1.1297813471516436,-0.24060150375939848,0.08074165489866841,-7.348348458680043e-05
73.42041388284161,144.45349978480408,1.1518955992714703,0.7524752475247525,0.08049000453457261,0.012566599301855552
81.61850653763557,150.14237063077599,1.158699614479658,-0.6155706214689265,0.04904817176876529,-0.006822223028631447
79.20890131655598,151.38872390746928,1.1689543270659495,-0.4257392275586386,0.045145636667648835,-0.0356973217874238
71.51985966670841,142.84625170080471,1.1795868572508204,0.8574792066538708,0.04262537228308579,0.0010609275538042695
68.86727845500616,134.74891590697007,1.178577305628874,-0.23113487000730215,0.02318504270205165,-0.021801665404996173
52.41987923827217,122.27437742568145,1.1731666987686327,-0.05298808350506223,0.023607510490118222,-0.3083114069029562
32.24939993142074,47.545045254578326,1.1390773242971557,0.028326521344232525,0.0993067534176957,0.03762027299172077
37.36429522260021,-6.180728329671638,1.1038682587196902,0.4799153555984912,0.1001163260623552,-0.0972315820686308
22.704304429195275,-62.59002981784806,1.058509471060162,-0.043791808619103256,0.09922714438842443,0.1634517766497463
32.039820096533575,-84.23845656991989,1.0260633636107113,-0.3704878809944866,0.11929525827995387,0.07524894774663804
35.53329864724246,-88.54490537487709,0.9987141387587154,-0.3110798975460629,0.12338841591823012,0.1941474126408247
45.14565255888081,-58.466540132323644,0.9840197189860508,1.6013432477812426,0.1405522033516569,-0.03849690185888477
41.085767228447885,-41.916635282661446,0.9668977141069708,-0.30261641309359155,0.1410831061410152,-0.02037252619324792
41.7975763016158,-32.38133506959093,0.9519872599254071,-0.09228989339723992,0.14077137479887822,-0.01795263559969429
41.02242191973922,-27.915999175366778,0.9359528465014979,0.25749713224449655,0.1408617911285596,0.030251955572842437
41.938071902510956,-18.515340008377734,0.9248423651645232,0.4769123843447287,0.14106662407285622,0.011745459121607515
42.98086475746188,-8.705531942977359,0.9497799206242722,-0.2556176470588235,0.089914512171292,0.003192503835150573
45.0653903195362,-0.3063315277154288,0.9691203404322738,1.752643986987501,0.09041147344752072,-0.025376095222350847
43.78639926435171,1.3797238577772077,0.9920124550099122,-0.19138755980861233,0.08156331268414282,-0.00483419557289444
44.69050279329609,1.7755823637012327,1.0037914486261053,-0.059171597633136064,0.06911966401288185,-0.010056246804159064
68.2886020624189,0.18287227730343147,1.0112024234489745,-0.4359622641509434,0.06687456209758755,0.008522727272727293
67.22659420545577,0.512425659444034,1.0025782751191152,-0.8834660243973149,0.020336356525294287,-0.021596244131455333
74.00357392587989,-3.271684091408133,1.0000445896794001,10.5778394412018,0.017926233791240472,-0.011210957948002198
65.32576267924163,-8.249300744168067,0.9979992878604887,0.09090909090909083,0.017254816928577936,0.0027793708916046267
59.91321762349799,-11.552569623177533,0.9962763063238979,-0.43634090909090906,0.016588892635180683,0.011306643202815492
30.417149478563147,-11.958805130968813,0.9922127447682767,0.35747214494039214,0.013294359388235841,0.0256666811676165
45.05723204994796,-7.434245427603855,0.9889239733339338,0.4455445544554455,0.015602772343799887,0.02375196165754767
55.8974358974359,0.6625947437232753,0.9887548225025905,0.6095890410958904,0.017611718876456066,0.010357542362348315
63.27094853253931,8.99302399768385,0.9933784412050073,-0.13191489361702124,0.015400847679226625,-0.24726288596383317
22.6774322169059,-32.685335122406286,0.9770611259890781,-0.1421568627450981,0.08100405462654578,-0.0940785531404914
17.379562679675928,-78.7434759131047,0.9552427767693926,-0.8403771428571428,0.08406849099871855,-0.019963920625375886
16.345662178285338,-116.57998535410115,0.9304347336182356,2.571203551227894,0.08312647586213437,0.18855074242238312
35.1652222926795,-120.38146727677258,0.91930216266181,-0.46917540447883876,0.10868856514554517,0.08595322905374014
42.27642276422764,-108.70591644950036,0.9152997168604137,0.1133625410733845,0.11292900563637262,0.02286556379539828
44.63693789480268,-94.48255421788235,0.9123097009744728,-0.6830062587987855,0.11318784103619327,0.1654970488450993
54.25795783381564,-53.85533247837657,0.9210855244292031,1.7394724169297446,0.12470719092495304,-0.0605311428343569
51.56157925751325,-33.52055382231538,0.9164336060360525,-0.14383374350560574,0.12693417900060827,-0.005814940577249517
51.867219917012456,-18.299624062468865,0.9073959061429497,0.1361272071907651,0.12685824933702888,0.031123254920377263
53.4002869440459,-0.3504668538998885,0.9010664942170429,0.08644404730828703,0.12713340578848276,-0.0244700231864855
51.350969685558276,9.00172716254474,0.9202588932933431,-0.18138468931356966,0.09250006778905057,0.009549679555197255
50.50050289764835,18.02123270633956,0.9486023660525059,0.4376185315632619,0.08244895508776098,0.004708652148322612
49.415104498066675,25.77587399898448,0.982306391445127,0.01620730270906945,0.08083256633484343,0.013097330320528844
49.57060603103347,34.0545716043448,1.0029275711949606,-0.11530437201539245,0.06235639290853146,-0.03461236627979003
66.3900143772056,33.46774412587365,1.0124550126279217,1.0088739824616568,0.06072359024870398,-0.0005989817310572132
74.75899624696447,32.51489930227535,1.0222085013602948,-0.008695652173912993,0.06071649641783303,-0.013485166317051211
74.85263778367228,28.885007781766035,1.016089906419842,-0.07017543859649122,0.026402352453320174,-0.0015622287797256718
67.26150925486476,25.424722313768598,1.0167774860633165,-0.35745283018867924,0.018915425404785895,0.0025643254520164582
61.373054093403525,22.894587291106745,1.0188809224922832,0.570988107473205,0.018923407710263383,0.003814973772055419
59.594657919400206,21.353375096245145,1.0189211070796724,-0.5054859813084112,0.015345775435976905,0.004534657741308568
32.10629921259837,20.740136196040112,1.0211249333345542,-0.24007332791563507,0.013723021189751305,-0.22437661220980232
18.574194283111225,-21.609724893249222,1.0041062607618454,4.794578463068889,0.07142633676664684,-0.08350424034144444
16.068173981577218,-66.56121463678664,0.9812457885256132,-0.8540643776824034,0.072838899509925,0.061961353533520835
18.44246601569978,-92.84843634882554,0.9600793317433549,0.20789342116872045,0.07777733046858001,0.1141864570875335
33.14924114671163,-96.39143414203181,0.9488249144626397,1.3014949357226335,0.08978965438341617,0.1271212430995705
43.8571023934287,-78.22949299264019,0.9466586151368759,0.12137272948469757,0.10031822936479123,0.16126252777651806
54.86451098713423,-34.741596160579775,0.95845741229868,-0.4421981132075472,0.11237311055380367,-0.06470886866872338
49.30988894764675,-13.492200110838894,0.9574570043474857,-0.29407884722715516,0.11524466271988006,-0.022045929018789212
50.13172043010752,-0.9020214381266669,0.9548665632401675,0.33112915977862434,0.11568978294212523,-0.019127316198445765
48.98865188609856,5.3985689343762715,0.9487605802091115,0.8718502519798417,0.11600518413029468,-0.012492382693479742
49.060822898032185,7.983948070275346,0.9435134463976572,-0.4416826923076923,0.11614629635473507,0.007801824833605364
49.623961978377814,11.330510663127825,0.9632991718853456,-0.2022216481529321,0.08429946484088792,0.0012246326102167693
49.54226825695752,14.04670060723629,0.9933640950220713,-0.31422835308594,0.07578124765569273,0.012275030578368096
50.04661038893781,18.256288733164638,1.019104201786047,1.7983127144521043,0.0754831285639531,0.0016829931385662356
49.87527932235098,21.657461324895394,1.0356479939079528,-0.48524084865120254,0.06980274262828,-0.0028864380492847896
68.11085089773616,23.540916075397945,1.040508604926009,-0.12635765641731678,0.058716135764632145,-0.0028515878159429686
75.866566538872,24.22178898732591,1.0299603546405813,0.14675938664732224,0.022122955806794464,0.005719485246327816
74.03469977887397,25.532196095105974,1.0275015780543313,-0.18576040485123457,0.011444272622382614,8.616604196287625e-05
68.70322911327526,26.283857548835385,1.027470398642464,0.9100139305615087,0.009307306196047234,-0.008486623874553123
56.46349631614199,25.00172498353686,1.0281765848631987,-0.1416328877792894,0.0073990441342399035,-0.0015641293013555213
16.7046894803549,23.425105737408558,1.0299320013263245,0.17320544453340747,0.005987262566284478,0.005570060922541309
32.574503311258354,22.94399258745125,1.0311350300442172,-0.46114848396217223,0.005755075427017278,-0.05859442617275401
24.275138803207966,11.504442483211733,1.027593232369873,-0.23774199384838068,0.019722825057076076,0.060218810333731776
51.09649122807017,12.860869695181009,1.0269774775761253,0.053982570953850395,0.028317642685140344,0.0046392646548734096
56.167176350662594,14.630596203759069,1.0263318601525064,-0.36801467039861013,0.028353855480317075,0.01005567303957533
56.78391959798994,17.70909308422597,1.0268705227887125,1.8545611891671756,0.028493108737190014,0.0025636643308835083
57.12861415752745,20.397840291609555,1.0281514962050975,0.0870798038341507,0.028453084783252,-0.011634844868735117
50.22477522477519,20.09417681828745,1.0284165559150302,0.056284655008366435,0.02873031925388603,-0.016989349316545277
45.23973388391833,16.48425042957888,1.0277890884483512,0.29031356287564636,0.029246271999319104,-0.0008334429968853696
45.743446996056626,13.316538866578412,1.028204211183121,-0.1659204159745793,0.029140813518005904,-0.0064096935639653685
44.910043270325644,9.518285774579908,1.0227324917987612,-0.17778547411864876,0.02919780624152824,-0.03967833156592426
35.67965871630797,-0.7295567992032375,1.0119994300570343,0.8955016936658651,0.03146058225348939,-0.00565933560320242
34.8237968927624,-9.731375832233425,1.006616793675941,-0.03703703703703709,0.02544342704833987,-0.00513627319420662
35.40061633281974,-17.55865426743094,0.9978299991048362,-0.44545192307692305,0.013946468994067606,0.021488372093023234
40.93983624065502,-19.805568662330188,0.9916888182154247,0.24585161167270653,0.0163134925610298,0.032647299881613856
46.54422426292895,-15.620609072438128,0.9874832575309752,0.6283471580470967,0.019846270434574778,-0.030865558446139585
52.0259319286872,-17.74782752397641,0.9836303619292596,-0.3625555555555555,0.021553673862870583,-0.02270348969470859
33.298186419232394,-23.19282400282873,0.9778741125038083,-0.4541102961880372,0.02213406776855639,0.014664804469273651
36.10101010101012,-24.681720685657638,0.9748470422259545,-0.3052096381991011,0.022863943229431822,-0.006469373709566351
31.988472622478398,-26.691748335330885,0.9720202351477186,0.01513062537561427,0.02283985712903091,0.011914657799944495
34.65189873417718,-25.904257196638355,0.9702450079088573,-0.38241337280167165,0.023425028690284115,0.016611902154070934
41.11132698659413,-22.088368045849165,0.9739611542379603,0.5758430134205481,0.020162596183384802,-0.02091937511222841
40.54416554895575,-22.564370927187156,0.9766618973583621,-0.549738781936592,0.021400765099549378,0.05153599266391562
51.23339658444022,-13.713782062968221,0.9841763831771236,6.1570372725105305,0.026463849257172548,-0.003749890991540883
51.72413793103452,-7.309317487720364,0.9885946331941325,-0.5760906981134171,0.02610745835314842,-0.05466561624649868
48.97959183673469,-12.17181028503046,0.9853204090551054,0.7650880134115674,0.02988793664140449,0.02157507292004257
53.26243173325669,-12.125366632951227,0.9865691079185451,-0.008963552178558709,0.029336458607269987,-0.0055744391570361485
53.17073170731706,-12.93199492111762,0.9895819096531231,-0.28264450434261756,0.02829454720694073,-0.013125512715340348
47.733961153619795,-15.714031387104114,0.9902040270588348,0.22187663083185472,0.028330887609851862,0.02004248637665107
45.46292031321972,-14.252504044077796,0.9931021598022848,0.8279974032186421,0.02892233472320876,-0.08638174574429558
38.34995466908432,-28.165523885934363,0.9880570813774867,-0.6411588785046729,0.03992630822531594,0.08513379583746294
52.33780760626399,-25.040220071024578,0.982939987694064,1.3001614751536619,0.04929764588412332,-0.05087222577404338
44.809528699045075,-31.19287126936024,0.974617873180572,0.06326075387524477,0.05152803895412981,0.09776751347190138
54.99570077386069,-19.448163561282854,0.9695328332160025,-0.6106555631283013,0.05861234975835595,-0.051411290322580516
48.92785970506179,-19.38210295169165,0.9623899111827319,0.35483165121304117,0.06093467665606428,-0.013815090329436841
46.26602564102565,-21.494652582904564,0.9618613746972157,0.09803367384019057,0.05846123180454155,0.0807252623688155
54.57523476741646,-9.16010140983326,0.9685015167916184,-0.39154256297113443,0.0636144244592057,-0.0521957775176658
46.124339581674754,-8.996449050192496,0.9699530860054197,-0.214903003565601,0.06623173690585275,-0.04212596624433995
43.49576849576849,-16.112716300614466,0.9689203018603271,0.7888923100608114,0.06756892327232325,0.12787699360137528
56.28381319569678,-0.1415556985157309,0.9752090720366487,0.024182964349491076,0.07899456352653884,-0.004868755292125271
54.5772409408773,11.455696120205175,0.9893490045848776,-0.4336911539188707,0.0718910067211404,-0.036715592427143284
52.125075895567704,13.526982347178091,0.992869333666932,2.3199421322056533,0.06946199651922623,-0.038865824573800944
50.316492790997536,7.975688281733255,0.9982468380471923,-0.6108783338361323,0.06847735105657267,-0.04227552614649388
46.449737861864584,-3.8035385590765145,0.9914856733614246,1.2091540802848448,0.06176013560776538,0.04634871893292414
54.901842707455145,-5.282949462171928,0.9934754026268908,-0.6097275657689508,0.06175096652218013,-0.03714233308877479
47.133392788890305,-12.843365987819652,0.9938377732897642,-0.0181509358555918,0.06286254877586679,0.042242118296980546
53.55827031219701,-11.544622627711306,0.9895859588227246,0.4950985380414503,0.05839605423713134,-0.07703906785469494
41.348760330578514,-23.845098654660887,0.9847665656941289,0.8274610340994168,0.06114860295334158,0.13659092034259124
53.93453413918975,-11.201367921876226,0.9940937328745788,-0.5007635104098127,0.07421976939053712,-0.051528878822197144
51.22477976697926,-10.604697200499231,0.9868708852888117,0.05090393653793557,0.06396950519513675,-0.08394948335246843
